Tweet Source,Tweet Date,Tweet Text,Compound Score,Postive Score,Neutral Score,Negative Score
BBC News (World),2018-07-26 19:15:17,Trump threatens Turkey sanctions over pastor Andrew Brunson https://t.co/PATRJ7jdPB,-0.3818,0.0,0.755,0.245
BBC News (World),2018-07-26 19:36:46,Greek fires: Blaze that killed 83 'caused by arson' https://t.co/7bXET09l5d,-0.6705,0.0,0.667,0.333
BBC News (World),2018-07-26 20:18:21,New Jersey radio DJs off air for turban jibe at prosecutor https://t.co/MTZ3gbXLjC,0.0,0.0,1.0,0.0
BBC News (World),2018-07-26 20:31:40,Iranian general warns Trump war will 'destroy all you possess' https://t.co/qOJv9LX0eO,-0.8316,0.0,0.476,0.524
BBC News (World),2018-07-26 20:51:18,Colombia's sniffer dog and other targeted prized animals https://t.co/EsX8poCDvM,0.5267,0.298,0.702,0.0
BBC News (World),2018-07-26 21:16:02,Republican bid to impeach deputy attorney general founders https://t.co/sHFjVRalEm,0.0,0.0,1.0,0.0
BBC News (World),2018-07-26 21:38:21,Cuba's new constitution: What's in and what's out https://t.co/ZwUGTETgZi,0.0,0.0,1.0,0.0
BBC News (World),2018-07-26 21:40:42,Zimbabwe election: Hustling for cash to survive https://t.co/fi3fxsCC98,0.0,0.0,1.0,0.0
BBC News (World),2018-07-26 23:00:23,"US child migrants: Trump administration says 1,800 reunited https://t.co/PEW1IiMtLD",0.0,0.0,1.0,0.0
BBC News (World),2018-07-27 00:10:24,Africa's week in pictures: 20-26 July 2018 https://t.co/o9cXkQ1MiF,0.0,0.0,1.0,0.0
BBC News (World),2018-07-27 00:27:48,How many wildfires have there been this summer? https://t.co/AynioYS8Ml,0.0,0.0,1.0,0.0
BBC News (World),2018-07-27 00:35:27,Reality Check: Why some African countries don't want charity clothes https://t.co/RiS13ogGqZ,-0.3724,0.0,0.717,0.283
BBC News (World),2018-07-27 01:18:08,Israeli stabbed to death by Palestinian in West Bank attack https://t.co/S6ZD6I9T24,-0.872,0.0,0.447,0.553
BBC News (World),2018-07-27 02:48:56,"Relatives of soldiers slain during the Korean War have waited years for this.

North Korea has returned remains bel‚Ä¶ https://t.co/6yziKlpAzK",-0.5994,0.0,0.83,0.17
BBC News (World),2018-07-27 02:49:23,RT @BBCLBicker: The aircraft carrying the remains of around 50 US soldiers arrives at Osan air base in South Korea https://t.co/bqWHuPc9i6,0.0,0.0,1.0,0.0
BBC News (World),2018-07-27 04:42:37,Thailand: 'Durian thief' shot dead by farmer https://t.co/eqUEHp946w,-0.8271,0.0,0.438,0.562
BBC News (World),2018-07-27 04:57:24,Michael Cohen claims Trump 'knew of Russian lawyer meeting' https://t.co/OZZXJTgiPe,0.0,0.0,1.0,0.0
BBC News (World),2018-07-27 05:12:53,Australian woman guilty of murder in headless torso case https://t.co/pCqcFTmBoR,-0.8176,0.0,0.516,0.484
BBC News (World),2018-07-27 07:24:50,"Logan Paul: BBC pulls radio interview 

https://t.co/rlKbHxZVh9",0.0,0.0,1.0,0.0
BBC News (World),2018-07-27 07:32:43,Vanuatu: Ambae island evacuated again over volcano eruption https://t.co/oIjp9l2874,0.0,0.0,1.0,0.0
BBC News (World),2018-07-27 07:35:26,India woman held for leaving dead infant aboard plane https://t.co/ekIayTzimh,-0.6369,0.082,0.597,0.321
BBC News (World),2018-07-27 08:32:49,"RT @BBCAfrica: Is this Africa‚Äôs most inventive neighbourbood?
Full story: https://t.co/y8VEhMlung
 #BBCInnovators #SocEnt https://t.co/2vnp‚Ä¶",0.0,0.0,1.0,0.0
BBC News (World),2018-07-27 09:08:04,Poland protests: Thousands rally against court changes https://t.co/Kj6VrhG8KO,-0.2263,0.0,0.787,0.213
BBC News (World),2018-07-27 09:22:34,RT @BBCNewsGraphics: The number of wildfires in Europe is well above average this year - there were 427 blazes between 1 January and 24 Jul‚Ä¶,0.34,0.139,0.861,0.0
BBC News (World),2018-07-27 09:41:59,LeBron James: NBA star 'regrets' giving son his name https://t.co/5lIbn5oI5a,0.34,0.211,0.789,0.0
BBC News (World),2018-07-27 10:02:55,"RT @BBC_HaveYourSay: How were you affected by the 2008 bank crash? 
What direction did your life take? üß≠

Get in touch: 
üì±via WhatsApp: +44‚Ä¶",-0.5661,0.0,0.825,0.175
BBC News (World),2018-07-27 11:10:44,Munich replaces pavement Holocaust memorials https://t.co/IYuxzAjr8Z,0.0,0.0,1.0,0.0
BBC News (World),2018-07-27 11:28:59,Facebook: Explaining the company's historic share slump https://t.co/Ftgg9DiTM9,0.296,0.239,0.761,0.0
BBC News (World),2018-07-27 12:05:10,Motorcyclist killed in three-vehicle TT course crash https://t.co/l9KtiooNrd,-0.802,0.0,0.455,0.545
BBC News (World),2018-07-27 12:18:31,Dublin: Horse found in back of van https://t.co/ovNMZcIo7R,0.0,0.0,1.0,0.0
BBC News (World),2018-07-27 12:21:26,Malcolm Turnbull: Why Australians are up in arms about 'pie-gate' https://t.co/DKruMzag5T,0.0,0.0,1.0,0.0
BBC News (World),2018-07-27 12:34:23,Greek fires: 'Hearts empty' over death of Irishman https://t.co/g07qyZ8R5T,-0.6908,0.0,0.551,0.449
BBC News (World),2018-07-27 13:16:28,Juana Rivas: Court jails mother who hid with sons in custody battle https://t.co/g76EYpNasU,-0.4588,0.0,0.733,0.267
BBC News (World),2018-07-27 13:18:35,"Is the news media dividing America? 

https://t.co/gVPOXfTiNV https://t.co/PNFxek62AZ",0.0,0.0,1.0,0.0
BBC News (World),2018-07-27 13:25:39,"RT @BBC_HaveYourSay: Please send us your pictures of the blood moon tonight. üåô
Here's how you can get in touch: 
üì∑ yourpics@bbc.co.uk
üìß hav‚Ä¶",0.3182,0.087,0.913,0.0
BBC News (World),2018-07-27 13:42:52,Hun Sen: Cambodia's strongman prime minister https://t.co/dqPWGrNKCH,0.1779,0.221,0.779,0.0
BBC News (World),2018-07-27 13:48:15,"Donald Trump: ""We're going to go a lot higher than these numbers - and these are great numbers""

US President hails‚Ä¶ https://t.co/KPbsWQgmOg",0.6249,0.177,0.823,0.0
BBC News (World),2018-07-27 13:49:19,RT @BBCJonSopel: 4.1% GDP growth for last quarter announces @realDonaldTrump - rightly taking a victory lap. Says future is outstanding,0.765,0.292,0.708,0.0
BBC News (World),2018-07-27 13:59:11,"""We are the economic envy of the entire world""

Donald Trump celebrates America's fastest quarterly growth for four‚Ä¶ https://t.co/YvphCzXja6",0.6369,0.258,0.656,0.086
BBC News (World),2018-07-27 14:27:40,Ghana MPs giggle over 'Wise Vagina' village name https://t.co/fl5rYCX4QT,0.7096,0.457,0.543,0.0
BBC News (World),2018-07-27 14:32:53,Irish hosepipe ban to continue https://t.co/F09C7G7HMt,-0.5574,0.0,0.581,0.419
BBC News (World),2018-07-27 14:35:44,Korea remains: How are human remains identified? https://t.co/866bLHwHbs,0.0,0.0,1.0,0.0
BBC News (World),2018-07-27 14:38:21,"üò≥

https://t.co/qYyE9T1Azb",0.0,0.0,1.0,0.0
BBC News (World),2018-07-27 14:46:26,Julian Assange: UK and Ecuador in talks on Wikileaks founder's fate https://t.co/k5yS0hBwNj,0.0,0.0,1.0,0.0
BBC News (World),2018-07-27 15:44:31,Comedian Seth Rogen to voice Vancouver public transit messages https://t.co/kS0jzcDeYN,0.3818,0.224,0.776,0.0
BBC News (World),2018-07-27 16:19:45,Israeli defence minister calls for West Bank settlement expansion https://t.co/f1FX0lUPQm,0.1027,0.135,0.865,0.0
BBC News (World),2018-07-27 16:27:42,Is Australia and New Zealand's 'mateship' in trouble? https://t.co/Z6DcoGpEEE,-0.4019,0.0,0.748,0.252
BBC News (World),2018-07-27 17:14:49,Trump 'open' to Moscow visit after Putin extends invite https://t.co/rFPeqrubHc,0.2732,0.279,0.721,0.0
BBC News (World),2018-07-27 18:17:35,Killer whale spotted pushing dead calf for two days https://t.co/SKbR50xCp5,-0.8625,0.0,0.482,0.518
BBC News (World),2018-07-27 18:20:26,Pakistan election: Rival parties reject result and call for new poll https://t.co/cAv9WL5Q3N,0.0,0.175,0.649,0.175
BBC News (World),2018-07-27 19:40:48,In pictures: Blood moon around the world https://t.co/DaJQARvotR,0.0,0.0,1.0,0.0
BBC News (World),2018-07-27 20:21:01,Les Moonves: CBS investigates report of 'misconduct' https://t.co/FGK1j7p4Mh,0.0,0.0,1.0,0.0
BBC News (World),2018-07-27 20:26:00,"Joseph Kony - child kidnapper, warlord, 'prophet' https://t.co/WG02Qe2FZM",0.0,0.0,1.0,0.0
BBC News (World),2018-07-27 21:31:02,In pictures: Blood moon around the world https://t.co/cRQmVNgcfj #LunarEclipse #BloodMoon #EclipseLunar https://t.co/2aAfds6nA6,0.0,0.0,1.0,0.0
BBC News (World),2018-07-27 22:04:18,"After Toronto rampage, does Canada have a gun problem? https://t.co/foulekoIa3",-0.6249,0.0,0.579,0.421
BBC News (World),2018-07-28 00:10:21,Venezuela opposition legislator flees after 'secret police threats' https://t.co/RNssUZv8ZN,-0.5423,0.0,0.609,0.391
BBC News (World),2018-07-28 00:50:21,"In 1993, the UN tried to bring democracy to Cambodia. Is that dream dead? https://t.co/lSPT2Ry41T",-0.5106,0.104,0.674,0.223
BBC News (World),2018-07-28 07:57:06,"Simply stunning!

The longest #BloodMoon eclipse of the 21st Century as seen around the world‚Ä¶ https://t.co/FZZHpFC8IX",0.4389,0.162,0.838,0.0
BBC News (World),2018-07-28 08:08:22,"RT @BBCNewsbeat: The cast for the next Star Wars film has been revealed üëÄ
https://t.co/W5UrF1o9Yj",-0.5574,0.0,0.795,0.205
BBC News (World),2018-07-28 08:10:21,Carr fire: California blaze leaves two dead https://t.co/rGI9SPZwPI,-0.7717,0.0,0.472,0.528
BBC News (World),2018-07-28 09:23:08,Typhoon Jongdari: Weather-ravaged Japan braces for powerful storm https://t.co/2KvDTzy2Ct,0.4215,0.259,0.741,0.0
BBC News (World),2018-07-28 10:25:39,Midwife training centre attacked in Afghanistan's Jalalabad https://t.co/FnE8gsxmXN,-0.4588,0.0,0.7,0.3
BBC News (World),2018-07-28 11:00:14,"Beautiful #BloodMoon delights (most of) the world üåù

https://t.co/hPDHvS3WgC https://t.co/VPEb0tBwlg",0.7845,0.408,0.592,0.0
BBC News (World),2018-07-28 12:09:48,Russia protests: Thousands rally over plan to raise pension age https://t.co/gmiEMA79Y4,-0.2263,0.0,0.84,0.16
BBC News (World),2018-07-28 12:17:00,Pagan outcry over fencing at Jersey tomb site https://t.co/qdrlj1Y6re,-0.5106,0.0,0.708,0.292
BBC News (World),2018-07-28 12:41:08,Nicaraguan leader Daniel Ortega's brother calls on him to end violence https://t.co/V4wnjGeTZQ,-0.6249,0.0,0.728,0.272
BBC News (World),2018-07-28 13:56:08,Cardinal McCarrick: Prominent US Catholic resigns over abuse claims https://t.co/kIPoJ7JMXp,-0.6369,0.146,0.443,0.411
BBC News (World),2018-07-28 15:01:31,Egypt court sentences 75 to death over 2013 pro-Morsi protests https://t.co/as9puDBrzP,-0.6808,0.08,0.533,0.387
BBC News (World),2018-07-28 21:08:55,Carr fire: California blaze kills children and great-grandmother https://t.co/XUCpn6eBbo,-0.7096,0.0,0.543,0.457
BBC News (World),2018-07-28 21:29:50,Lebanon sinks tanks in Mediterranean to make new reef https://t.co/z0ezFlv320,0.0,0.0,1.0,0.0
BBC News (World),2018-07-28 21:53:33,Israeli Arab MP resigns over controversial 'nation state' law https://t.co/hCYv2CsKXl,-0.4767,0.0,0.661,0.339
BBC News (World),2018-07-28 22:37:02,Cambodia votes in poll without main opposition https://t.co/SYvfOcVLhc,0.0,0.0,1.0,0.0
BBC News (World),2018-07-28 23:44:26,Zimbabwe election: Can post-Mugabe vote heal divisions? https://t.co/LpJ8GB8PSQ,0.0,0.0,1.0,0.0
BBC News (World),2018-07-29 00:02:33,Migration to Europe in charts https://t.co/lY0JIihLxk,0.0,0.0,1.0,0.0
BBC News (World),2018-07-29 00:12:41,Slavery memorial highlights Portugal's racism taboo https://t.co/6waRUcjGID,-0.872,0.0,0.36,0.64
BBC News (World),2018-07-29 00:15:10,Tsundoku: The art of buying books and never reading them https://t.co/QzvCG1eMPd,0.0,0.0,1.0,0.0
BBC News (World),2018-07-29 00:20:09,Why Ethiopia is grieving 'hero' dam engineer Simegnew Bekele https://t.co/ep0o5UtVws,-0.5106,0.0,0.732,0.268
BBC News (World),2018-07-29 00:57:42,Nicaragua protests: Thousands show support for Catholic Church https://t.co/9oSfaYXdcp,0.2023,0.233,0.603,0.164
BBC News (World),2018-07-29 01:36:18,Slobodan Milosevic: Ex-Serbia leader's war crimes lawyer shot dead https://t.co/o5ew1O1PDX,-0.8481,0.0,0.494,0.506
BBC News (World),2018-07-29 03:34:16,Indonesia earthquake: 10 dead on tourist island Lombok https://t.co/1dRSUNveOV,-0.6486,0.0,0.65,0.35
BBC News (World),2018-07-29 04:59:57,Ahed Tamimi: Israel frees Palestinian viral slap video teen https://t.co/UtQwZSrCsO,0.4215,0.322,0.678,0.0
BBC News (World),2018-07-29 07:35:20,"RT @BBCSport: He's off the mark! 

Wayne Rooney netted his first goal for  DC United as they beat the Colorado Rapids, 2-1 in the #MLS.‚Ä¶",0.4753,0.114,0.886,0.0
BBC News (World),2018-07-29 08:08:38,"RT @BBCNews: üìöüìòüìôüìïüìóüìñüìòüìôüìïüìóüìöüìòüìôüìïüìóüìñüìòüìôüìïüìóüìöüìòüìôüìïüìóüìñüìòüìôüìïüìóüìöüìòüìôüìïüìóüìñüìòüìôüìïüìóüìöüìòüìôüìïüìóüìñüìòüìôüìïüìö

Love books? Are you guilty of tsundoku or bibliomania?
https://t.co/SIgW0d‚Ä¶",0.4137,0.248,0.599,0.153
BBC News (World),2018-07-29 09:55:46,Polar bear shot dead after attacking cruise ship guard https://t.co/EPNLOiO5SM,-0.8074,0.0,0.523,0.477
BBC News (World),2018-07-29 09:56:18,"RT @BBCNews: üêçüò±

Woman wakes to find 'escaped' python in her bed 

https://t.co/4dlj1HGnh1 https://t.co/xS8Gs6bXrF",0.0,0.0,1.0,0.0
BBC News (World),2018-07-29 11:02:24,"RT @BBCNews: What's the least popular emoji on Twitter? üò¢

https://t.co/q003FloumJ https://t.co/mz0fImuUpB",-0.6632,0.0,0.669,0.331
BBC News (World),2018-07-29 12:10:08,Zimbabwe election: Robert Mugabe gives surprise speech on eve of poll https://t.co/Qog0b6oNFY,0.2732,0.16,0.84,0.0
BBC News (World),2018-07-29 12:13:59,Surveying the damage in Lombok after a powerful earthquake hit the popular tourist destination in Indonesia‚Ä¶ https://t.co/7tNtDeRPPy,0.34,0.257,0.596,0.147
BBC News (World),2018-07-29 14:22:58,"RT @BBCSport: Today's the day!

Geraint Thomas is set to make Tour de France history üëè

We're live üëâ https://t.co/ZtkRdPtGio #bbccycling ht‚Ä¶",0.0,0.0,1.0,0.0
BBC News (World),2018-07-29 14:52:39,Cambodia election: Ruling party claims landslide in vote with no main opposition https://t.co/Jrc8E9Zchg,0.128,0.17,0.692,0.138
BBC News (World),2018-07-29 14:59:10,"RT @BBCSport: Lewis Hamilton has won the #HungarianGP for the sixth time. 

His lead in the championship is up to 24 points.

Reaction: htt‚Ä¶",0.765,0.231,0.769,0.0
BBC News (World),2018-07-29 14:59:24,RT @BBCSport: Lewis Hamilton won a tense strategic battle at the Hungarian Grand Prix. He heads into the break with a 24-point lead in the‚Ä¶,0.4019,0.218,0.619,0.163
BBC News (World),2018-07-29 14:59:44,"RT @bbcf1: ""We came here knowing Ferrari would be really quick this weekend so to come out with these points, we'll definitely take it as a‚Ä¶",0.4019,0.097,0.903,0.0
BBC News (World),2018-07-29 15:18:41,Ethiopian dam engineer Simegnew Bekele's funeral draws thousands https://t.co/rYSuKlqcjo,-0.3612,0.0,0.762,0.238
BBC News (World),2018-07-29 16:50:38,"RT @BBCSport: Less than 20km to go until Geraint Thomas wins the Tour de France for the first time! üëè

Live üëâ https://t.co/ZtkRdPtGio https‚Ä¶",0.6114,0.129,0.871,0.0
BBC News (World),2018-07-29 16:53:16,New York Times tells Trump: Don't call reporters enemies of the people https://t.co/nEFpbba3pn,0.3875,0.18,0.82,0.0
BBC News (World),2018-07-29 17:13:09,"RT @BBCSport: Geraint Thomas has done it! üëèüè¥Û†ÅßÛ†Å¢Û†Å∑Û†Å¨Û†Å≥Û†Åø

He's become the first ever Welshman to win the Tour de France üëâ https://t.co/ZtkRdPtGio‚Ä¶",0.6239,0.146,0.854,0.0
BBC News (World),2018-07-29 20:08:53,French skier who disappeared in Italy in 1954 is finally identified https://t.co/WeGSPRuv1O,-0.2263,0.0,0.853,0.147
BBC News (World),2018-07-29 21:14:42,Why Trump attacks the media https://t.co/Ro5lGDrsRG,-0.4404,0.0,0.633,0.367
BBC News (World),2018-07-29 21:35:32,California fire: Deadly blazes continues to grow https://t.co/ci6JB4bMN2,-0.34,0.0,0.745,0.255
CBS News,2018-07-29 01:03:04,"Carrie Fisher will appear in ""Star Wars: Episode IX"" https://t.co/Br4cr5bGc0 https://t.co/lJrwLbi3uZ",-0.5574,0.0,0.735,0.265
CBS News,2018-07-29 01:18:03,Family takes down grandmother's wheelchair ramp under pressure from county https://t.co/IRpTW4cMLo https://t.co/D99X1o9UBR,-0.296,0.0,0.833,0.167
CBS News,2018-07-29 01:33:03,"Doctor charged with sexual battery on boy, 15, he said he was ""cuddling"" https://t.co/mF7hT76uj2 https://t.co/ydFuYUig6n",-0.2023,0.0,0.886,0.114
CBS News,2018-07-29 01:48:05,Fourth suspect sentenced in live-streamed beating of disabled teen https://t.co/lyZxYbGbI0 https://t.co/2nCH5wd1Fi,-0.6486,0.0,0.559,0.441
CBS News,2018-07-29 02:03:03,Teen infected with hookworms after being buried in sand at Florida beach https://t.co/NJpoROnMih https://t.co/VTIJ1zA1MO,-0.4939,0.0,0.802,0.198
CBS News,2018-07-29 02:18:03,GDP growth touted as ‚Äúhistoric‚Äù by President Trump is anything but https://t.co/fbkXq5kWZd https://t.co/owKkfSk1xF,0.1779,0.129,0.791,0.079
CBS News,2018-07-29 02:24:05,Florida police officer dies a week after being shot https://t.co/ZfGZg2LyvR https://t.co/NlXMdIXq3m,0.0,0.0,1.0,0.0
CBS News,2018-07-29 02:33:04,Mom and five children dead in Michigan motel fire https://t.co/k7v2N3JIPj https://t.co/R0Mo9ItW4z,-0.7717,0.0,0.573,0.427
CBS News,2018-07-29 02:48:03,"""Unbearable pain my heart"": Mom speaks out after crash that killed husband, 4 daughters https://t.co/c4MHQQuGCj https://t.co/CISs8wrTXM",-0.8885,0.0,0.533,0.467
CBS News,2018-07-29 03:03:05,"On turning 50: ""Exploit the perspective that comes from age"" https://t.co/8s2ccll2TB https://t.co/fHsrDhdgc4",-0.1027,0.0,0.887,0.113
CBS News,2018-07-29 03:18:04,"After Pruitt's exit, EPA rescinds order allowing polluting diesel truck engines https://t.co/PBkvlBYvBX https://t.co/YkpxQjtEXm",0.0,0.0,1.0,0.0
CBS News,2018-07-29 03:33:03,PewDiePie apologizes for making fun of Demi Lovato's hospitalization https://t.co/gSJkM8biBH https://t.co/mCctI0dQdF,0.7003,0.392,0.608,0.0
CBS News,2018-07-29 03:48:04,The new American adult: Mom and dad help pay the bills https://t.co/1JphcirdtE https://t.co/oIIRYHi9MW,0.3182,0.179,0.728,0.093
CBS News,2018-07-29 03:58:06,"5 dead in possible murder-suicide at nursing home, residence in Texas https://t.co/uXM4Rvd4gP https://t.co/tpg3MUqcYO",-0.6486,0.0,0.719,0.281
CBS News,2018-07-29 04:03:05,"""Nasty"" sexploitation scam demands bitcoin ransom https://t.co/TmB6TmwvvC https://t.co/RRN26zV1Ap",-0.5719,0.0,0.654,0.346
CBS News,2018-07-29 04:18:03,"""You're killin' me, Smalls"": Man wearing ""Sandlot"" T-shirt unknowingly takes a photo with ""Sandlot"" stars‚Ä¶ https://t.co/X67g0osN58",0.0,0.0,1.0,0.0
CBS News,2018-07-29 04:33:03,Details emerge about what happened before and after Demi Lovato's apparent overdose https://t.co/M1rJTkDc4O https://t.co/iNbSapcQBN,0.0,0.0,1.0,0.0
CBS News,2018-07-29 04:48:02,Cops: Suspect in slaying of New York nurse caught holding woman captive in L.A. hotel https://t.co/afB3tMPfI7 https://t.co/XQF5RtgHlE,-0.296,0.0,0.879,0.121
CBS News,2018-07-29 05:03:07,"""We are Guinea pigs"": Filmmakers on the risks of medical devices https://t.co/9RSUwsy8pK https://t.co/KWKpfF7c9j",-0.2732,0.0,0.851,0.149
CBS News,2018-07-29 05:14:05,"New Orleans shooting leaves 3 dead, 7 injured https://t.co/0JaaWIoxAd https://t.co/WbAJu7S9KR",-0.7906,0.0,0.462,0.538
CBS News,2018-07-29 05:18:03,"Review: ""Mission: Impossible ‚Äì Fallout"" impossible to follow, but great fun anyway https://t.co/funepqpM4r https://t.co/YEHgePoPDf",0.9022,0.479,0.521,0.0
CBS News,2018-07-29 05:33:03,Republicans push to overhaul the Endangered Species Act before midterms https://t.co/avApSlGmZS https://t.co/CzOG7wwpDa,0.0,0.0,1.0,0.0
CBS News,2018-07-29 05:48:04,Colombian drug cartel put a $70K bounty on this dog https://t.co/Umz69c83qJ https://t.co/c0AtWmDZm6,0.0,0.0,1.0,0.0
CBS News,2018-07-29 06:03:03,Southwest CEO says no assigned seats -- for now https://t.co/orIJqhJXey https://t.co/kiH8SikdSq,-0.296,0.0,0.82,0.18
CBS News,2018-07-29 06:18:04,Hundreds attend funeral for Indiana family members killed in duck boat accident https://t.co/RPcqem54IO https://t.co/ugDfkCN60X,-0.8779,0.0,0.521,0.479
CBS News,2018-07-29 06:33:05,"Dad dances to Ciara's ""Level Up"" for son with leukemia, gets singer's attention https://t.co/JQQ5ZNglCK https://t.co/rNgbir8MD1",0.0,0.0,1.0,0.0
CBS News,2018-07-29 06:48:03,Arkansas company makes caskets that look like mini fishing boats https://t.co/wieBzlQaub https://t.co/jiiTxQz738,0.3612,0.185,0.815,0.0
CBS News,2018-07-29 07:03:04,Old WWII ammo hampers forest fire fight in Germany https://t.co/SmjbkrHIsZ https://t.co/4glfY9PJ2T,-0.6124,0.0,0.643,0.357
CBS News,2018-07-29 07:18:04,White House updates online transcript of Trump-Putin news conference https://t.co/NNx9npwxPQ https://t.co/2Duob8Yy1C,0.0,0.0,1.0,0.0
CBS News,2018-07-29 07:33:03,"""High probability"" former Bush doctor fatally shot on bike was targeted, police say https://t.co/gELyNt5JCE https://t.co/3xbZ6bKwZ8",-0.6369,0.0,0.769,0.231
CBS News,2018-07-29 07:48:04,"Taylor Swift donates hundreds of tickets to mourning Weymouth, Massachusetts police department‚Ä¶ https://t.co/1D7ZegYSxV",-0.2732,0.115,0.701,0.185
CBS News,2018-07-29 08:03:05,10 of 11 relocated rhinos die as Kenya conservation bid backfires https://t.co/zLEcxvJQxt https://t.co/95G0Jit6B7,-0.5994,0.0,0.755,0.245
CBS News,2018-07-29 08:18:04,"Michael Avenatti claims 3 women were paid ""hush money"" before election https://t.co/qJCfgm0R90 https://t.co/YdOkXHAndG",0.0,0.0,1.0,0.0
CBS News,2018-07-29 08:33:03,Priyanka Chopra and Nick Jonas are reportedly engaged https://t.co/Z8uwGuBipC https://t.co/TBcffo73ha,0.4019,0.231,0.769,0.0
CBS News,2018-07-29 08:48:04,"Judge says government ""gets credit"" for reuniting immigrant families, but warns better system needed‚Ä¶ https://t.co/6UF7oeLqQl",0.6187,0.294,0.623,0.083
CBS News,2018-07-29 09:03:04,Former NY power broker Sheldon Silver begs judge for mercy after corruption trial https://t.co/npecVmi5wK https://t.co/3Y6sUqReaV,0.3612,0.152,0.848,0.0
CBS News,2018-07-29 09:18:03,Mark Zuckerberg faces investors' criticism after Facebook's historic stock loss https://t.co/YDz8ChcZ62 https://t.co/zKNhJku2hU,-0.6369,0.0,0.658,0.342
CBS News,2018-07-29 09:33:03,"Record-breaking heat and fires are worsened by climate change, scientists say https://t.co/RonHZMoOQY https://t.co/vk1CFc4Ufq",-0.4404,0.0,0.805,0.195
CBS News,2018-07-29 09:48:03,Student's mom is on the mend months after teacher donated a kidney https://t.co/r73DTINwH8 https://t.co/ZMA8IZphtG,0.0,0.0,1.0,0.0
CBS News,2018-07-29 10:03:02,"Philadelphia to stop giving ICE access to arrest database, mayor says https://t.co/17XWvGopwN https://t.co/0NroTJDNzU",-0.296,0.141,0.588,0.271
CBS News,2018-07-29 10:18:03,"Roseanne Barr apologizes for tweet, says she's a ""creative genius"" https://t.co/4IFMt92RzS https://t.co/OpwcpfzUSE",0.6597,0.375,0.625,0.0
CBS News,2018-07-29 10:33:04,Joaquin Castro talks about twin's possible 2020 presidential run https://t.co/yYKrKwcX9g https://t.co/1n9hPwp4c6,0.0,0.0,1.0,0.0
CBS News,2018-07-29 10:48:03,Two former Ohio State students speak out on doctor's alleged sexual abuse https://t.co/EwvEb0XHdN https://t.co/uXcqqxUtiz,-0.6369,0.0,0.756,0.244
CBS News,2018-07-29 11:03:04,"""Dave,"" a movie about an accidental president, is adapted for the stage https://t.co/9hq5dra1gn https://t.co/ahJkt5CM2t",-0.0772,0.0,0.902,0.098
CBS News,2018-07-29 11:18:04,"Jane Fonda says she, Dolly Parton and Lily Tomlin are returning for ""9 to 5"" sequel https://t.co/mLuIjGDW7Y https://t.co/VQpeyYEvXM",0.0,0.0,1.0,0.0
CBS News,2018-07-29 11:33:03,President Trump denies advance knowledge of son's meeting with Russian lawyer https://t.co/h5uiI5sPx6 https://t.co/X864ufvMNs,-0.4215,0.0,0.811,0.189
CBS News,2018-07-29 11:48:04,"At Ample Hills Creamery, every flavor tells a story https://t.co/PGpUg3Bfev https://t.co/sAtPHMXv9R",0.0,0.0,1.0,0.0
CBS News,2018-07-29 12:03:03,"3-year-old twins, Tom and Brady, fly 8,000 miles to meet their namesake Tom Brady https://t.co/S9LEGkrcSd https://t.co/c8SeFLwVcI",0.0,0.0,1.0,0.0
CBS News,2018-07-29 12:18:04,"President Trump, RNC to send cash to Republican candidates nationwide https://t.co/3Tyq88qm6Y https://t.co/bayNKwKqcK",0.0,0.0,1.0,0.0
CBS News,2018-07-29 12:33:04,The regional accents Americans find the most ‚Äì and least ‚Äì attractive https://t.co/btuhPZ2Csv https://t.co/VCnnzRqouL,-0.3821,0.0,0.809,0.191
CBS News,2018-07-29 12:48:06,Nurse captures heartwarming photo of elderly couple in NYC subway https://t.co/9XGSEEmREj https://t.co/hSpxSo3tm9,0.4767,0.22,0.78,0.0
CBS News,2018-07-29 13:03:04,Blueprints for 3D-printed guns will soon be available following legal battle https://t.co/Q6IlsHun3d https://t.co/MIvCz3II5t,-0.2732,0.099,0.728,0.172
CBS News,2018-07-29 13:25:05,"RT @FaceTheNation: TODAY: @margbrennan questions...
‚úîÔ∏è @RudyGiuliani 
‚úîÔ∏è @larry_kudlow 
‚úîÔ∏è @SenatorShaheen 
‚úîÔ∏è @SenRonJohnson 
Don't miss @‚Ä¶",0.1139,0.059,0.941,0.0
CBS News,2018-07-29 13:35:10,"A 6.4 magnitude earthquake killed at least 14 people and injured more than 160 on Indonesia's Lombok island, a popu‚Ä¶ https://t.co/IdYFEhk7Vz",-0.802,0.0,0.702,0.298
CBS News,2018-07-29 13:49:44,"The shared office space industry - providing community for freelancers and small business operators, as well as per‚Ä¶ https://t.co/synW8XXKhD",0.5994,0.282,0.718,0.0
CBS News,2018-07-29 14:09:48,"Have money ruined by water, fire or pests? The U.S. Bureau of Engraving and Printing has examiners who will piece t‚Ä¶ https://t.co/slYSUJeSCm",-0.6705,0.0,0.784,0.216
CBS News,2018-07-29 14:27:52,Expedition cruising is a rapidly-growing sector of the tourism industry that brings visitors to ecologically pristi‚Ä¶ https://t.co/slHPGjzyAU,0.0,0.0,1.0,0.0
CBS News,2018-07-29 14:43:57,"Half of Americans say President Trump is doing a good job on the economy, but his trade policies in particular do n‚Ä¶ https://t.co/YcAXiLy5es",0.2382,0.085,0.915,0.0
CBS News,2018-07-29 14:49:33,"President Trump tweeted about a ""very good and interesting meeting"" he says he had at the White House with the publ‚Ä¶ https://t.co/B1Wp6MdIDc",0.7316,0.245,0.755,0.0
CBS News,2018-07-29 14:56:43,"""We have negotiations going on,"" President Trump's personal lawyer Rudy Giuliani says on @FaceTheNation about Trump‚Ä¶ https://t.co/6h02EmPj2Y",0.0,0.0,1.0,0.0
CBS News,2018-07-29 15:07:47,"If President Trump meets with special counsel Robert Mueller, Rudy Giuliani tells @FaceTheNation the area of questi‚Ä¶ https://t.co/iPFM00kTJM",0.4019,0.137,0.863,0.0
CBS News,2018-07-29 15:12:30,"@CBSNews¬†Rudy Giuliani says he hopes to resolve possible Mueller interview by ""maybe this week"" https://t.co/npAOFbOpU7",0.6597,0.278,0.722,0.0
CBS News,2018-07-29 15:16:29,"""First of all, obstruction by tweet is not something that I think works real well. Generally obstruction is secret,‚Ä¶ https://t.co/1OGlu2z27L",0.2732,0.104,0.896,0.0
CBS News,2018-07-29 15:20:56,"""I don't see how you can believe Michael Cohen, he's also the guy that taped [President Trump] without telling him.‚Ä¶ https://t.co/Pri6YdMvwE",0.0,0.0,1.0,0.0
CBS News,2018-07-29 15:25:00,"""We know of something like 183 unique conversations on tape. One of those the president of the United States, three‚Ä¶ https://t.co/6yJETkJ6Sk",0.6486,0.218,0.782,0.0
CBS News,2018-07-29 15:36:11,"""A key point here is that all of a sudden the Chinese are being isolated. China by the way asked the EU to do a tra‚Ä¶ https://t.co/RnwHiXLh5V",-0.3182,0.0,0.913,0.087
CBS News,2018-07-29 15:44:31,"""I was disappointed that he refused to address directly any of the specific questions about what happened in Helsin‚Ä¶ https://t.co/F02BDqyAPH",-0.6486,0.0,0.773,0.227
CBS News,2018-07-29 15:46:27,.@margbrennan: Should the president go ahead with sanctions on Turkey which he called for this week?‚Ä¶ https://t.co/KhJwzRcvUC,0.0,0.0,1.0,0.0
CBS News,2018-07-29 16:00:02,"President Trump's attorney Rudy Giuliani says that federal investigators have 183 ""unique conversations"" recorded b‚Ä¶ https://t.co/PBdpQN2m1P",0.0,0.0,1.0,0.0
CBS News,2018-07-29 16:07:15,"Sen. Ron Johnson (R-WI) is impressed with the GDP's growth during the Trump administration, but told @FaceTheNation‚Ä¶ https://t.co/Ad99beHNZe",0.431,0.194,0.806,0.0
CBS News,2018-07-29 16:25:29,"On @FaceTheNation, @margbrennan asks Sen. Ron Johnson (R-WI) to expand on his statement that the response to retali‚Ä¶ https://t.co/DxRRpb3VTK",0.3182,0.113,0.887,0.0
CBS News,2018-07-29 16:40:47,"Amid ongoing concern over continued efforts by Russian hackers to infiltrate U.S. election systems, @SenatorShaheen‚Ä¶ https://t.co/lV5CszYWFN",0.0,0.0,1.0,0.0
CBS News,2018-07-29 16:42:13,"""One of the things we pollsters have been watching over the last few years is how much partisan ratings play into w‚Ä¶ https://t.co/U9fzIGMdof",0.34,0.098,0.902,0.0
CBS News,2018-07-29 16:46:02,"""This isn't part of conservative orthodoxy, but what you see there is that a lot of folks aren't really very ideolo‚Ä¶ https://t.co/5XaHCiBaRk",0.0,0.0,1.0,0.0
CBS News,2018-07-29 17:00:45,"White House economic adviser Larry Kudlow says trade negotiations with the European Union are set to begin ""immedia‚Ä¶ https://t.co/IeNhRblp4s",0.0,0.0,1.0,0.0
CBS News,2018-07-29 17:16:09,"‚ÄúThis¬†confirms what they believed that¬†he was going to do, in that they don't like these¬†sort of multi-national dea‚Ä¶ https://t.co/b5dYIprF4y",-0.2755,0.0,0.909,0.091
CBS News,2018-07-29 17:25:41,"‚ÄúWhat do you make of him? What do you make of the function of your government generally?"" @edokeefe says the number‚Ä¶ https://t.co/BX8qrFc503",0.0,0.0,1.0,0.0
CBS News,2018-07-29 17:40:49,President Trump tweeted he would consider shutting down the government if Democrats refuse to vote for his immigrat‚Ä¶ https://t.co/ogHonGF7kS,-0.296,0.0,0.891,0.109
CBS News,2018-07-29 17:46:04,Secy. of State Mike Pompeo's admission of North Korea's continued nuclear material development is discussed by‚Ä¶ https://t.co/QpILf9voDK,0.0,0.0,1.0,0.0
CBS News,2018-07-29 18:09:27,"""CASE CLOSED"": Amelia Earhart's long assumed fate is challenged by new evidence, 81 years later‚Ä¶ https://t.co/EgEN9EImPY",-0.1027,0.0,0.915,0.085
CBS News,2018-07-29 18:20:31,"Sen. Ron Johnson says the Trump administration's $12 billion bailout for farmers hurt by tariffs would be a ""mess""‚Ä¶ https://t.co/vuNSneTEaG",-0.5859,0.0,0.78,0.22
CBS News,2018-07-29 18:40:37,Authorities search for two suspects in New Orleans shooting that left 3 dead and 7 injured https://t.co/O1PBFo00zi https://t.co/gnoDpmVKOe,-0.8555,0.0,0.58,0.42
CBS News,2018-07-29 19:00:53,Fire officials in Greece raised the death toll from a wildfire that raged through a coastal area east of Athens to‚Ä¶ https://t.co/aYkStXPVYA,-0.8519,0.0,0.646,0.354
CBS News,2018-07-29 19:20:57,"Nearly all strong supporters of President Trump say they trust him for accurate information, while only 11 percent‚Ä¶ https://t.co/ZCjtSlrAQ3",0.8591,0.373,0.627,0.0
CBS News,2018-07-29 19:40:01,"Common wisdom about robots has long held that they're taking over repetitive, routine jobs; now machine learning is‚Ä¶ https://t.co/yRvgEwKOkS",0.34,0.152,0.759,0.089
CBS News,2018-07-29 20:00:42,Eco-tourism expeditions to places like the Gal√°pagos Islands offers cruises for people who don't like cruises‚Ä¶ https://t.co/yrkoSpMiHl,0.6124,0.25,0.75,0.0
CBS News,2018-07-29 20:19:47,"Imagine your dog eating one month's rent. Now, imagine scooping it up for a government office that will piece it al‚Ä¶ https://t.co/TCPnNSiMgc",0.0,0.0,1.0,0.0
CBS News,2018-07-29 20:39:46,"Fans were ""Crazy in Love"" with Michelle and Barack Obama's dance moves at Beyonce and Jay-Z's concert on Saturday‚Ä¶ https://t.co/IsOl2fOTxW",0.4215,0.171,0.732,0.098
CBS News,2018-07-29 21:11:58,"WATCH: The Carr Fire is the largest of 17 blazes being battled by over 12,000 firefighters across the state of Cali‚Ä¶ https://t.co/n1HNa3lYdy",-0.5574,0.0,0.813,0.187
CBS News,2018-07-29 21:18:46,WATCH: California officials say containment expected to improve as the Carr Fire rages on https://t.co/fgNmRX4lzc https://t.co/dtIvOiSgV0,-0.3818,0.136,0.607,0.257
CBS News,2018-07-29 21:23:13,"WATCH: Officials say wildfires in California are currently burning 200,000 acres, with firefighters joining from as‚Ä¶ https://t.co/LAVoGhRvk4",0.0,0.0,1.0,0.0
CBS News,2018-07-29 21:33:38,WATCH: Officials implore evacuees to heed warnings until communities are designated safe to return to‚Ä¶ https://t.co/5O5IAQWo9D,0.1779,0.152,0.733,0.115
CBS News,2018-07-29 21:39:49,A homeless man saved a woman who jumped from a Minneapolis bridge he was camping out under https://t.co/KrE8Nm3FzJ https://t.co/AvFCfMwIAH,0.4215,0.157,0.843,0.0
CBS News,2018-07-29 21:39:51,WATCH: Officials address reports of looting as the Carr Fire rages in California https://t.co/fgNmRX4lzc https://t.co/ib1PM3F3do,-0.6705,0.0,0.703,0.297
CBS News,2018-07-29 21:45:31,"""GOING ON PURE ADRENALINE"": Officials describe firefighters in California working shifts in excess of 48 hours whil‚Ä¶ https://t.co/PGpRKYVaLn",0.0,0.0,1.0,0.0
CBS News,2018-07-29 22:00:53,"His real name is classified, but al Qaeda knows the FBI‚Äôs undercover operative as Tamer Elnoury. #60Minutes, tonigh‚Ä¶ https://t.co/B4gIVIxJQe",0.0,0.0,1.0,0.0
CBS News,2018-07-29 22:19:40,"""Right now it's going everywhere"": Deadly Northern California wildfire rages largely unchecked‚Ä¶ https://t.co/UrM2MqDRB5",-0.4767,0.0,0.795,0.205
CBS News,2018-07-29 22:40:43,"Now that zoos no longer bring in animals from the wild, they need to re-populate from within. How do they do it? Le‚Ä¶ https://t.co/i3uXzijgmI",-0.296,0.0,0.913,0.087
CBS News,2018-07-29 23:00:11,WATCH: Florida man carries live alligator into convenience store on a beer run https://t.co/oAh75M7tE0,0.0,0.0,1.0,0.0
CBS News,2018-07-29 23:19:33,"Girl calls out ""sexist"" comment at parade by writing letter to the editor https://t.co/VZ1R8YnunU https://t.co/uO5kKlHBkz",0.0,0.0,1.0,0.0
CNN,2018-07-29 01:40:01,"We haven't seen their faces. We don't know their names. We only know a number: 711.

That's how many immigrant kids‚Ä¶ https://t.co/bxS9VpMgqe",0.0772,0.061,0.939,0.0
CNN,2018-07-29 02:00:16,"Women turned out in force in Pakistan's general election this week, shoving aside often decades of patriarchy and t‚Ä¶ https://t.co/ZbhbdD3Cdz",0.0,0.0,1.0,0.0
CNN,2018-07-29 02:20:10,Did you know The Flintstones was the 1st animated series to air in primetime? +1 if you know the popular sitcom man‚Ä¶ https://t.co/IBeY1uLsKI,0.4215,0.113,0.887,0.0
CNN,2018-07-29 02:40:05,"2018 is on pace to be the fourth hottest year on record, according to data from the National Oceanic and Atmospheri‚Ä¶ https://t.co/L1oeSTpdbf",0.0,0.0,1.0,0.0
CNN,2018-07-29 03:00:10,"A North Miami Beach police officer arrested after allegedly kicking a pregnant woman in the stomach has been fired,‚Ä¶ https://t.co/p4GTp8N3O4",-0.4767,0.0,0.846,0.154
CNN,2018-07-29 03:30:03,"""She doesn't want to let go."" A mourning orca mom carried her dead baby for days through the ocean‚Ä¶ https://t.co/M6DrUJMT15",-0.8137,0.0,0.655,0.345
CNN,2018-07-29 03:45:07,"How a small-town French psychic became the face -- and, her family says, a victim -- of a $200 million scam‚Ä¶ https://t.co/B73KZbED0O",-0.2732,0.0,0.896,0.104
CNN,2018-07-29 03:49:26,"At least three people are dead and seven injured after a shooting in New Orleans, city police spokesman says https://t.co/w8yKRL7Ui5",-0.7906,0.0,0.708,0.292
CNN,2018-07-29 04:01:05,"Putin gave Trump a soccer ball during a news conference in Helsinki, Finland -- and the ball may have contained a t‚Ä¶ https://t.co/mz66EOE4UI",0.0,0.0,1.0,0.0
CNN,2018-07-29 04:29:00,Civil rights icon and Georgia congressman Rep. John Lewis has been hospitalized but is expected to be released Sund‚Ä¶ https://t.co/fx1hQ5XQei,0.0,0.0,1.0,0.0
CNN,2018-07-29 04:30:06,"Pope Francis has accepted the resignation of Cardinal Theodore McCarrick, who led the Archdiocese of Washington, af‚Ä¶ https://t.co/j16qgiK4Sl",-0.0258,0.103,0.788,0.108
CNN,2018-07-29 04:31:00,These aerial photos show human impact on Earth https://t.co/QuBdlOCJJ8 https://t.co/wTvn7Twd96,0.0,0.0,1.0,0.0
CNN,2018-07-29 05:01:06,A new study supports what most dog owners already know: Your pup rushes to your side faster than usual if he or she‚Ä¶ https://t.co/1oDgAQA5D5,0.3612,0.102,0.898,0.0
CNN,2018-07-29 05:30:07,A church put Jesus in a cage to protest immigration policies. He was replaced with a mirror. https://t.co/N24WEas0Ii https://t.co/kqxKasstG2,-0.25,0.0,0.882,0.118
CNN,2018-07-29 05:31:00,"This is Japan's art island, where the museums were custom-built to exhibit famous works https://t.co/sjvAj0BSK3 https://t.co/OK5wzp8Cp4",0.0,0.0,1.0,0.0
CNN,2018-07-29 06:01:04,"Three former US secretaries of state -- Madeleine Albright, Colin Powell and Hillary Clinton -- will appear togethe‚Ä¶ https://t.co/AdlYPx1TDn",0.0,0.0,1.0,0.0
CNN,2018-07-29 06:30:07,"A teen broke into a home in California shortly after midnight and woke a sleeping couple to ask to use their Wi-Fi,‚Ä¶ https://t.co/YIxTY6vcQf",-0.4215,0.0,0.872,0.128
CNN,2018-07-29 06:31:00,"It‚Äôs like a real-life Iron Man. This flying suit was built using 3D printed parts, specialist electronics and five‚Ä¶ https://t.co/jbrP6eydHC",0.3612,0.122,0.878,0.0
CNN,2018-07-29 07:01:04,Here's how to help the victims of the Greece wildfires https://t.co/9MXfHiMdF5 https://t.co/S7Ung3gltf,0.1027,0.18,0.667,0.153
CNN,2018-07-29 07:30:12,Police have responded to at least 125 calls in the past five years alleging sex offenses at shelters that house imm‚Ä¶ https://t.co/biWbKrI5Kj,-0.3612,0.0,0.894,0.106
CNN,2018-07-29 07:31:00,"Watch the moment thousands of sardines jumped out of the water in a fishing port in Taipei, Taiwan‚Ä¶ https://t.co/OpD9bbV19r",0.0,0.0,1.0,0.0
CNN,2018-07-29 08:01:07,Coke is raising soda prices because of aluminum tariffs https://t.co/y0dPF73sXZ https://t.co/RyRcEwyR2z,0.0,0.0,1.0,0.0
CNN,2018-07-29 08:30:07,"The United Nations has verified 7,000 cases of children either killed or maimed in Syria's seven-year war, but says‚Ä¶ https://t.co/OrCG9tPiU5",-0.5106,0.079,0.705,0.216
CNN,2018-07-29 08:31:01,"""A huge statue of Jeff Goldblum is not something you see in London every day."" A 25-foot, 330-pound statue of Goldb‚Ä¶ https://t.co/mnQoDJs0u1",0.3182,0.103,0.897,0.0
CNN,2018-07-29 09:00:16,"We haven't seen their faces. We don't know their names. We only know a number: 711.

That's how many immigrant kids‚Ä¶ https://t.co/4SSojsVPJm",0.0772,0.061,0.939,0.0
CNN,2018-07-29 09:01:00,This man built a floating bicycle so he could clean trash from a river in order to raise awareness about plastic po‚Ä¶ https://t.co/vXuMxRi7zo,0.4522,0.129,0.871,0.0
CNN,2018-07-29 09:30:04,"Women turned out in force in Pakistan's general election this week, shoving aside often decades of patriarchy and t‚Ä¶ https://t.co/ljgLjaFJbC",0.0,0.0,1.0,0.0
CNN,2018-07-29 09:31:02,These are the world's largest planes (and other flying things) https://t.co/LtoidZbkgD https://t.co/bOQTo9aicy,0.0,0.0,1.0,0.0
CNN,2018-07-29 10:00:08,"2018 is on pace to be the fourth hottest year on record, according to data from the National Oceanic and Atmospheri‚Ä¶ https://t.co/LohV1RgGv1",0.0,0.0,1.0,0.0
CNN,2018-07-29 10:01:00,"After years of research, scientists have confirmed that liquid water exists on Mars. This could allow humans to fur‚Ä¶ https://t.co/wVyKvovsdM",0.2263,0.091,0.909,0.0
CNN,2018-07-29 10:30:10,"""She doesn't want to let go."" A mourning orca mom carried her dead baby for days through the ocean‚Ä¶ https://t.co/phYuyIdDUR",-0.8137,0.0,0.655,0.345
CNN,2018-07-29 10:31:00,This new NASA animation shows the dramatic increase of near-Earth objects. See how many asteroids and comets have c‚Ä¶ https://t.co/ppofrOsvA2,0.3182,0.108,0.892,0.0
CNN,2018-07-29 10:46:03,Drought woes? This tech can literally make it rain by using planes to target clouds and draw out more rain from them https://t.co/NYncHJh3Lm,-0.4404,0.0,0.884,0.116
CNN,2018-07-29 11:01:06,A zoo is accused of painting a donkey and passing it off as a zebra https://t.co/Zpvlhe1t5U https://t.co/hygAA2yL4u,-0.296,0.0,0.855,0.145
CNN,2018-07-29 11:30:06,"Pope Francis has accepted the resignation of Cardinal Theodore McCarrick, who led the Archdiocese of Washington, af‚Ä¶ https://t.co/AS3EW5ob7L",-0.0258,0.103,0.788,0.108
CNN,2018-07-29 11:31:00,This Florida police officer helped a homeless man shave to help him land a job at a restaurant‚Ä¶ https://t.co/0F0chS7Lkg,0.4019,0.153,0.847,0.0
CNN,2018-07-29 12:01:06,"'Recovering addict' secretly treats a table of EMTs to breakfast, bringing them to tears https://t.co/BC0hdJ5UwM https://t.co/gEdL3p6kNV",-0.2263,0.0,0.881,0.119
CNN,2018-07-29 12:16:06,"This concrete (yes, concrete) is going high-tech https://t.co/1eRf2U1jRQ https://t.co/k7YEF0mtZU",0.0,0.0,1.0,0.0
CNN,2018-07-29 12:30:06,"A police officer in Meridian, Mississippi, has been fired after using his stun gun against a handcuffed suspect dur‚Ä¶ https://t.co/C1aC5wRvqd",-0.802,0.0,0.647,0.353
CNN,2018-07-29 12:31:00,"No, this car wasn't split in half. It's Solo, an electric vehicle with one seat and three wheels.‚Ä¶ https://t.co/gAfqougR2R",-0.296,0.0,0.891,0.109
CNN,2018-07-29 13:01:06,The Trump administration wants to roll back the Endangered Species Act. These 10 animals might not be here today wi‚Ä¶ https://t.co/goAQn1TxuL,0.0,0.0,1.0,0.0
CNN,2018-07-29 13:08:58,"‚ÄúThere‚Äôs certainly been a breach in the relationship,‚Äù between President Trump and Michael Cohen says former WH com‚Ä¶ https://t.co/OKqPkm63pA",0.34,0.124,0.876,0.0
CNN,2018-07-29 13:16:02,A city once known as America's foreclosure capital will become the first in the US to participate in a test of Univ‚Ä¶ https://t.co/AHaazLPWXb,-0.128,0.0,0.93,0.07
CNN,2018-07-29 13:20:17,Former White House communications director Anthony Scaramucci on the White House barring CNN's Kaitlan Collins from‚Ä¶ https://t.co/MDxTSQ66Fa,0.0,0.0,1.0,0.0
CNN,2018-07-29 13:30:08,"20 times that Trump and his allies denied he knew of the 2016 Trump Tower meeting 
https://t.co/7PuzZxBnBu https://t.co/QCBKHw9FnY",-0.4404,0.0,0.854,0.146
CNN,2018-07-29 13:31:00,"The future of Sky Bars, NECCO wafers, and Sweethearts is in limbo after NECCO, the oldest American candy company, s‚Ä¶ https://t.co/fJ7rqeks2V",0.5859,0.16,0.84,0.0
CNN,2018-07-29 13:46:05,Three new polls show bad news for Republicans ahead of the midterm elections https://t.co/xbfpqVTIp4 https://t.co/3fCfLLjM2d,-0.5423,0.0,0.8,0.2
CNN,2018-07-29 13:46:52,The former mayor of New Orleans Mitch Landrieu says he is a ‚Äúradical centrist‚Äù: ‚ÄúI don‚Äôt think abolishing ICE is a‚Ä¶ https://t.co/t7L2vJiZPw,0.0,0.0,1.0,0.0
CNN,2018-07-29 14:00:13,Palestinian teenage activist Ahed Tamimi has been freed from an Israeli prison after serving an eight-month prison‚Ä¶ https://t.co/KkXsei7Zl0,-0.1531,0.123,0.727,0.15
CNN,2018-07-29 14:16:06,What sparks your curiosity? See how Steve Jobs and other curious entrepreneurs revolutionized our world through tec‚Ä¶ https://t.co/J3649I6KqG,0.3182,0.119,0.881,0.0
CNN,2018-07-29 14:22:29,President Trump threatens to push the government into shutdown ahead of the coming appropriations deadline if Congr‚Ä¶ https://t.co/F4KsOZEbdv,-0.3818,0.0,0.867,0.133
CNN,2018-07-29 14:30:07,A 12-year-old boy who can't speak wrote a book with his eyes https://t.co/GmvT6OSsUY https://t.co/t1w6FJR6iN,0.0,0.0,1.0,0.0
CNN,2018-07-29 14:40:06,Recep Tayyip Erdogan denies that Turkey has agreed to free a detained American pastor as part of a possible deal wi‚Ä¶ https://t.co/iiiT1mdcfX,-0.0258,0.201,0.595,0.204
CNN,2018-07-29 14:56:11,"2018 is on pace to be the fourth hottest year on record, according to data from the National Oceanic and Atmospheri‚Ä¶ https://t.co/K6FMntJR1t",0.0,0.0,1.0,0.0
CNN,2018-07-29 15:01:06,A clinical trial run by UCLA is testing a potentially pioneering form of immunotherapy that could turn a patient's‚Ä¶ https://t.co/ILFbFlqJXL,0.0,0.0,1.0,0.0
CNN,2018-07-29 15:01:14,Civil rights icon and Georgia congressman Rep. John Lewis has been hospitalized but is expected to be released late‚Ä¶ https://t.co/Y8KpPUJefT,0.0,0.0,1.0,0.0
CNN,2018-07-29 15:15:10,There are 100 days to the midterm election. Here's what to watch: https://t.co/yqi6ZX3a41 https://t.co/PgkWJY6vbC,0.0,0.0,1.0,0.0
CNN,2018-07-29 15:31:32,"On this day in 1958, President Dwight D. Eisenhower signed the National Aeronautics and Space Act, which establishe‚Ä¶ https://t.co/TpVjqvFWso",0.0,0.0,1.0,0.0
CNN,2018-07-29 15:40:05,"A manhunt is underway for two suspects accused of killing three people and injuring seven others in New Orleans, th‚Ä¶ https://t.co/CNYraRdA9T",-0.8402,0.0,0.654,0.346
CNN,2018-07-29 15:54:15,5 metrics that suggest Democrats are poised for big wins 100 days to the midterms | Analysis by @ForecasterEnten‚Ä¶ https://t.co/SEzQTXjMmZ,0.6908,0.263,0.737,0.0
CNN,2018-07-29 16:04:04,Palestinian teen activist Ahed Tamimi has been released from an Israeli prison after serving an 8-month prison sent‚Ä¶ https://t.co/AvPuJbaTDm,-0.765,0.0,0.72,0.28
CNN,2018-07-29 16:16:39,"The United Nations has verified 7,000 cases of children either killed or maimed in Syria's seven-year war, but says‚Ä¶ https://t.co/5DDdEc5z8S",-0.5106,0.079,0.705,0.216
CNN,2018-07-29 16:31:12,What you need to know about 'stand your ground' laws https://t.co/ouj4Dp8ots https://t.co/cd2fY6FhNZ,0.0,0.0,1.0,0.0
CNN,2018-07-29 16:40:53,"Trump lawyer Rudy Giuliani once praised Michael Cohen as 'honest,' but now says Cohen has 'lied all his life'‚Ä¶ https://t.co/AuzdI38OLV",-0.3182,0.089,0.766,0.145
CNN,2018-07-29 16:53:25,Trump's 2020 campaign denies reports that it is producing flags in China https://t.co/OoiPiKjcFf https://t.co/FlJ4efPygH,-0.4215,0.0,0.823,0.177
CNN,2018-07-29 17:05:20,This man built a floating bicycle so he could clean trash from a river in order to raise awareness about plastic po‚Ä¶ https://t.co/s70T5FO2pZ,0.4522,0.129,0.871,0.0
CNN,2018-07-29 17:18:00,President Trump‚Äôs chief economic adviser Larry Kudlow on the criticism surrounding tariffs: ‚ÄúDon‚Äôt blame President‚Ä¶ https://t.co/500k5oO8w2,-0.6486,0.0,0.725,0.275
CNN,2018-07-29 17:29:04,Sporting history was made on the Champs Elysees Sunday as Geraint Thomas became the first Welshman to win cycling's‚Ä¶ https://t.co/lQYOdtvP5O,0.765,0.268,0.732,0.0
CNN,2018-07-29 17:40:03,"20 times that Trump and his allies denied he knew of the 2016 Trump Tower meeting 
https://t.co/XvrpVu7CRo https://t.co/9ONriP5Lkp",-0.4404,0.0,0.854,0.146
CNN,2018-07-29 17:55:16,Coke is raising soda prices because of aluminum tariffs https://t.co/DHmhml6y03 https://t.co/uBpxXGVvAB,0.0,0.0,1.0,0.0
CNN,2018-07-29 18:00:08,Police fire tear gas at protesters during state funeral for Ethiopia's Grand Dam engineer https://t.co/f8KZbVKwcA https://t.co/TY6msO1lsF,-0.4215,0.138,0.55,0.312
CNN,2018-07-29 18:10:00,Former White House communications director Anthony Scaramucci says he disagrees with the way the White House reprim‚Ä¶ https://t.co/TFFM7qMlur,-0.3182,0.0,0.881,0.119
CNN,2018-07-29 18:25:52,President Trump's attorney Rudy Giuliani says he wants the public to hear more of Michael Cohen's recordings as he‚Ä¶ https://t.co/0u5WLD0fJH,0.0,0.0,1.0,0.0
CNN,2018-07-29 18:39:52,Don't pack your bags for Mars just yet https://t.co/T2vDZkv45G https://t.co/ph2CB7Kz1O,0.0,0.0,1.0,0.0
CNN,2018-07-29 18:54:11,"The fast-moving Carr Fire in Northern California has claimed the lives of a great-grandmother, two young children a‚Ä¶ https://t.co/oHwvlBZZ0u",-0.34,0.0,0.876,0.124
CNN,2018-07-29 19:02:15,"A prominent neurologist collapses, sending her friends and colleagues on a frantic fight to save her life. A new ep‚Ä¶ https://t.co/MziHWkB6mg",0.2263,0.304,0.424,0.272
CNN,2018-07-29 19:18:50,"Nikolai Volkoff, the wrestler whose brash Soviet persona made him one of the most hated figures in professional wre‚Ä¶ https://t.co/REWVlWdQwe",-0.6697,0.0,0.809,0.191
CNN,2018-07-29 19:30:59,"Who is Andrew Brunson, the detained American pastor central to the US-Turkey dispute https://t.co/jtUi6jrUfT https://t.co/RJ2Vfwy0Lf",-0.6597,0.0,0.707,0.293
CNN,2018-07-29 19:48:30,President Trump threatens to push the government into shutdown ahead of the coming appropriations deadline if Congr‚Ä¶ https://t.co/i63KxWcUMA,-0.3818,0.0,0.867,0.133
CNN,2018-07-29 19:55:04,"2018 is on pace to be the fourth hottest year on record, according to data from the National Oceanic and Atmospheri‚Ä¶ https://t.co/DGbncI4Pk9",0.0,0.0,1.0,0.0
CNN,2018-07-29 20:00:17,There are 100 days to the midterm election. Here's what to watch: https://t.co/64dpmcDvQ7 https://t.co/loNDIF3yfI,0.0,0.0,1.0,0.0
CNN,2018-07-29 20:10:09,Palestinian teen activist Ahed Tamimi has been released from an Israeli prison after serving an 8-month prison sent‚Ä¶ https://t.co/c2XsaRZGQ0,-0.765,0.0,0.72,0.28
CNN,2018-07-29 20:20:05,Former President Barack Obama and first lady Michelle Obama were spotted dancing at a Beyonc√© and Jay-Z concert nea‚Ä¶ https://t.co/VtJU8vkRfm,0.0,0.0,1.0,0.0
CNN,2018-07-29 20:30:00,"Listen to the soothing sounds of the sun. Scientists mapped vibrations that form the ""low, pulsing hum of our star'‚Ä¶ https://t.co/lrrvtnZK0K",0.3182,0.103,0.897,0.0
CNN,2018-07-29 20:40:00,"""The Brady Bunch"" house, the classic split-level scene for nearly every episode of the hit TV show, is now on the m‚Ä¶ https://t.co/OZ0ZdLw13e",0.0,0.0,1.0,0.0
CNN,2018-07-29 20:40:06,The monstrous Carr Fire in Northern California has doubled in size this weekend. Authorities say at least 12 people‚Ä¶ https://t.co/XSG8S7YyTF,-0.34,0.0,0.888,0.112
CNN,2018-07-29 20:51:22,President Trump's 2020 campaign denies reports that it is producing flags in China https://t.co/P5rFSU4LAq https://t.co/llzTLssJXI,-0.4215,0.0,0.833,0.167
CNN,2018-07-29 21:05:59,A German cruise line is facing outrage after one of its employees shot and killed a wild polar bear in Norway after‚Ä¶ https://t.co/kmYQZLtUNe,-0.8316,0.0,0.709,0.291
CNN,2018-07-29 21:20:06,"Trump lawyer Rudy Giuliani once praised Michael Cohen as 'honest,' but now says Cohen has 'lied all his life'‚Ä¶ https://t.co/Bt349Fd9D8",-0.3182,0.089,0.766,0.145
CNN,2018-07-29 21:30:00,This NASA animation shows the dramatic increase of near-Earth objects. See how many asteroids and comets have come‚Ä¶ https://t.co/F4wJSgwAi1,0.3182,0.113,0.887,0.0
CNN,2018-07-29 21:40:01,"Asking a woman about her work-life balance can be problematic, but she should use the opportunity to discuss the ne‚Ä¶ https://t.co/cC7IXZTQwb",0.4118,0.156,0.761,0.082
CNN,2018-07-29 21:50:04,"Nazi images, including a swastika, were discovered Saturday morning painted on a structure that is part of a Jewish‚Ä¶ https://t.co/qV57ew3Ac4",0.0,0.0,1.0,0.0
CNN,2018-07-29 22:00:02,"On this day in 1958, President Dwight D. Eisenhower signed the National Aeronautics and Space Act, which establishe‚Ä¶ https://t.co/oKyQTnxcIt",0.0,0.0,1.0,0.0
CNN,2018-07-29 22:15:06,"A man arrested in connection to a bi-coastal crime spree that involved murder, rape and holding a woman captive use‚Ä¶ https://t.co/PNs68ZvV9F",-0.9517,0.0,0.467,0.533
CNN,2018-07-29 22:30:03,"North Korea may be taking some steps to keep its promises, but they will likely come at great cost to the United St‚Ä¶ https://t.co/NHhYo086W7",0.9032,0.347,0.653,0.0
CNN,2018-07-29 22:45:13,President Trump threatens to push the government into shutdown ahead of the coming appropriations deadline if Congr‚Ä¶ https://t.co/HkUFzmjXF8,-0.3818,0.0,0.867,0.133
CNN,2018-07-29 23:00:05,A 12-year-old boy who can't speak wrote a book with his eyes https://t.co/keZdphbHau https://t.co/NFx0OB1QHj,0.0,0.0,1.0,0.0
CNN,2018-07-29 23:04:37,Justice Ruth Bader Ginsburg says she hopes to stay on the Supreme Court at least five more years until the age of 9‚Ä¶ https://t.co/b7GWr3AJky,0.8689,0.318,0.682,0.0
CNN,2018-07-29 23:15:06,"2018 is on pace to be the fourth hottest year on record, according to data from the National Oceanic and Atmospheri‚Ä¶ https://t.co/5O78he0ELj",0.0,0.0,1.0,0.0
CNN,2018-07-29 23:30:06,There are 100 days to the midterm election. Here's what to watch: https://t.co/zEcaQMqZen https://t.co/3zcbjwxVVL,0.0,0.0,1.0,0.0
Fox News,2018-07-29 14:47:52,".@LindseyGrahamSC: ""I have zero doubt he's going to be on the Supreme Court before the end of October... We're goin‚Ä¶ https://t.co/qU7jw8Q0IW",0.2732,0.143,0.757,0.1
Fox News,2018-07-29 14:51:00,".@VP Mike Pence: ""In the last year and a half, our administration has been faced with more filibusters called by‚Ä¶ https://t.co/prpAETR8Hn",0.0,0.0,1.0,0.0
Fox News,2018-07-29 14:55:31,".@DevinNunes: ""There's a stall game going on at DOJ and FBI - they're trying to stall as much they can hoping and b‚Ä¶ https://t.co/bgM5zK1xtV",0.0516,0.11,0.748,0.142
Fox News,2018-07-29 14:59:00,".@VP: ""Our priority is to make sure that we not only reelect but we expand Republican majorities on Capitol Hill.""‚Ä¶ https://t.co/bLgXAQbLzX",0.5574,0.195,0.805,0.0
Fox News,2018-07-29 15:05:00,".@VP: ""President Trump has asked me to do many things on his behalf as vice president, but frankly I've never been‚Ä¶ https://t.co/7Lf6hzbCZb",0.0,0.0,1.0,0.0
Fox News,2018-07-29 15:11:00,".@DevinNunes: ""Clinton-paid-for dirt was used to get a warrant to spy on an American citizen using our secret count‚Ä¶ https://t.co/pHuP6oQ6DG",-0.34,0.0,0.882,0.118
Fox News,2018-07-29 15:15:00,".@LindseyGrahamSC: ""The only way we've made any progress with North Korea is because Trump has been strong in the e‚Ä¶ https://t.co/rA9DPVK8ss",0.7269,0.243,0.757,0.0
Fox News,2018-07-29 15:17:10,RT @EricShawnTV: Was the #MichaelCohen tape really doctored as Rudy Giuliani tells @FoxNews? Do you think Cohen would pull a Rosemary Woods‚Ä¶,0.0,0.0,1.0,0.0
Fox News,2018-07-29 15:22:01,"TONIGHT: Don't miss ""Life, Liberty, &amp; Levin"" with @marklevinshow with special guest @AllenWest - Tune in at 10p ET‚Ä¶ https://t.co/AGLpdJ7jdm",0.0946,0.181,0.698,0.121
Fox News,2018-07-29 15:31:27,Confederate monuments report raises idea of changing Texas capital's name https://t.co/JWB5nbdIIM,0.0,0.0,1.0,0.0
Fox News,2018-07-29 15:35:00,".@LindseyGrahamSC: ""When it comes to Michael Cohen, you should be very suspicious of anything he says. He's on the‚Ä¶ https://t.co/6f3eTyqhHC",-0.4201,0.0,0.872,0.128
Fox News,2018-07-29 15:46:00,".@DevinNunes: ""There's a stall game going on at DOJ and FBI - they're trying to stall as much they can hoping and b‚Ä¶ https://t.co/CsMKD2taFd",0.0516,0.11,0.748,0.142
Fox News,2018-07-29 15:54:00,".@LindseyGrahamSC: ""I've never been more pleased with @POTUS than I am right now regarding Iran."" #SundayFutures‚Ä¶ https://t.co/jBaqvVcJto",-0.3865,0.0,0.851,0.149
Fox News,2018-07-29 16:07:00,TODAY: Treasury Secretary @stevenmnuchin1 sits down with Chris Wallace for an exclusive interview on @FoxNewsSunday‚Ä¶ https://t.co/aZLiHYpvUl,0.3182,0.191,0.809,0.0
Fox News,2018-07-29 16:10:28,"This morning, President @realDonaldTrump celebrated positive economic news. https://t.co/X9K8dyTdNW https://t.co/yCixsRcwGA",0.8074,0.477,0.523,0.0
Fox News,2018-07-29 16:15:00,Report: US Therapists See Increase in Patients With 'Trump Anxiety Disorder' https://t.co/juMOo5pD46 https://t.co/9TA0vXyycH,-0.2732,0.138,0.599,0.263
Fox News,2018-07-29 16:27:00,".@Kathy4Truth: ""If you don't like the laws that ICE is carrying out, change it."" https://t.co/fXhyruQ2rn",-0.2755,0.0,0.869,0.131
Fox News,2018-07-29 16:27:30,Five people now reported dead in Northern California wildfire. https://t.co/IpM0zi5wrl https://t.co/O1xD8KcXMS,-0.6486,0.0,0.699,0.301
Fox News,2018-07-29 16:36:00,".@MichelleMalkin: ""The biggest enemies here are not necessarily the open-borders Dems. They're doing what they alwa‚Ä¶ https://t.co/toktnJUaTt",-0.4939,0.0,0.833,0.167
Fox News,2018-07-29 16:38:21,"NEWS ALERT: 14 killed, over 160 injured in Indonesia's 6.4 magnitude earthquake. https://t.co/lUbQskmfql https://t.co/AeQvfBGPjt",-0.6448,0.139,0.521,0.341
Fox News,2018-07-29 16:43:53,Turkey resists sanctions threat from U.S. over American pastor. https://t.co/HdRSPFjoJb https://t.co/NRq5R6MXQM,-0.5267,0.0,0.746,0.254
Fox News,2018-07-29 16:45:00,".@PeterLumaj: ""Socialism becomes a big prison system at the end."" https://t.co/p4E08RrKZH",-0.5106,0.0,0.732,0.268
Fox News,2018-07-29 16:54:36,.@newtgingrich: @POTUS‚Äôs GDP achieves Mission Impossible (and shocks his critics) https://t.co/R5usUBMigP,-0.3818,0.0,0.794,0.206
Fox News,2018-07-29 17:00:01,"TODAY: Don't miss Rudy Giuliani, President @realDonaldTrump's attorney, on @FoxNewsSunday. Tune in to Fox News Chan‚Ä¶ https://t.co/eku28b0oni",0.1139,0.083,0.917,0.0
Fox News,2018-07-29 17:07:00,"A sheep jumps over a path at the annual sheep festival near the Gemmipass, between Kandersteg and Leukerbad, Switze‚Ä¶ https://t.co/6LajRsvThu",0.4939,0.158,0.842,0.0
Fox News,2018-07-29 17:16:03,".@RepRalphNorman: ""Why is it fair for one country to charge us 10% and for us to charge 2.5%?"" https://t.co/fJ02hanTgD",0.3182,0.113,0.887,0.0
Fox News,2018-07-29 17:19:00,".@VP: ""My dad was in the @USArmy... [He] raised us to understand that he always thought the heroes of the Korean Wa‚Ä¶ https://t.co/UYfEQXg5JE",0.5106,0.13,0.87,0.0
Fox News,2018-07-29 17:24:00,"Deer graze along a road covered in fire retardant as the Carr Fire burns near Redding, Calif., on Saturday, July 28‚Ä¶ https://t.co/31Yc490q3X",-0.5859,0.0,0.798,0.202
Fox News,2018-07-29 17:27:50,"RT @EricShawnTV: Do you think #MichaelCohen ""doctored"" the #CohenTapes, or are Pres. #DonaldTrump's words accurate? Here's analysis:  https‚Ä¶",0.0,0.0,1.0,0.0
Fox News,2018-07-29 17:30:00,"Amapola Hansberger: ""You have to remember what Lenin said: The goal of Socialism is Communism."" https://t.co/ABrzz5xro7",0.0,0.0,1.0,0.0
Fox News,2018-07-29 17:35:00,Georgia Congressman John Lewis hospitalized. https://t.co/MW4Cfado1p https://t.co/N9xauO4LVp,0.0,0.0,1.0,0.0
Fox News,2018-07-29 17:41:00,"Thomas Homan: ""There's been nobody that has done more for border security and public safety than President Trump -‚Ä¶ https://t.co/zRsAL53Gbx",0.6666,0.233,0.767,0.0
Fox News,2018-07-29 17:48:00,".@BethHarwellTN: ""We've been able to do here in Tennessee under my leadership as speaker what @POTUS is trying to d‚Ä¶ https://t.co/rgAIpFIRvZ",0.0,0.0,1.0,0.0
Fox News,2018-07-29 17:54:00,".@DrDarrinPorcher: ""The symbiotic relationship between police and community is what brings these gangs down.""‚Ä¶ https://t.co/n6tK9uQqaB",0.0,0.0,1.0,0.0
Fox News,2018-07-29 18:05:00,"On @WattersWorld, former acting ICE Director Thomas Homan praised President @realDonaldTrump's record on border sec‚Ä¶ https://t.co/iTPKeTSeJf",0.4939,0.176,0.824,0.0
Fox News,2018-07-29 18:16:57,RT @FoxBusiness: Boeing expects higher costs to hurt defense margins. https://t.co/cHuP42PXBq,-0.4404,0.108,0.647,0.245
Fox News,2018-07-29 18:23:37,".@MoElleithee: ""We should all be celebrating 4.1 economic growth. That's a good number, that's  a strong number. It‚Ä¶ https://t.co/tNQgtQp7jd",0.9201,0.579,0.421,0.0
Fox News,2018-07-29 18:25:52,".@MoElleithee on the economy: ""This is a continuation of economic recovery that began in 2009 and 2010. That strong‚Ä¶ https://t.co/OAWaEu2cI3",0.0,0.0,1.0,0.0
Fox News,2018-07-29 18:26:18,WATCH: Chris Wallace's full interview with Treasury Secretary @stevenmnuchin1 - Part 1. @FoxNewsSunday https://t.co/CfHhph7Gof,0.2023,0.13,0.87,0.0
Fox News,2018-07-29 18:26:22,WATCH: Chris Wallace's full interview with Treasury Secretary @stevenmnuchin1 - Part 2. @FoxNewsSunday https://t.co/xCCg2n0V0i,0.2023,0.13,0.87,0.0
Fox News,2018-07-29 18:30:21,".@MoElleithee on midterm elections: ""There's enough economic uncertainty that even with the strong number I think R‚Ä¶ https://t.co/VTGVX8IX37",0.296,0.219,0.667,0.114
Fox News,2018-07-29 18:33:28,".@GillianHTurner on tariffs: ""Sometimes conflict resolution 101 tells you that when you have these really contentio‚Ä¶ https://t.co/OyCsJali8f",-0.3182,0.0,0.874,0.126
Fox News,2018-07-29 18:49:10,"WATCH: Chris Wallace's full interview with Rudy Giuliani, President @realDonaldTrump's attorney - Part 1.‚Ä¶ https://t.co/wVyh9oo9zi",0.0,0.0,1.0,0.0
Fox News,2018-07-29 18:50:25,"WATCH: Chris Wallace's full interview with Rudy Giuliani, President @realDonaldTrump's attorney - Part 2.‚Ä¶ https://t.co/cIZPJMZEOn",0.0,0.0,1.0,0.0
Fox News,2018-07-29 18:54:02,"On ""Sunday Morning Futures with @MariaBartiromo,"" @LindseyGrahamSC said that every American should ""be very suspici‚Ä¶ https://t.co/TviTel7EPN",0.0,0.0,1.0,0.0
Fox News,2018-07-29 19:03:02,"Brecken Simmons, 8: ""[Police] do a lot to help us keep safe from those bad people."" https://t.co/CinSHPwwNd https://t.co/cD01ahoFZw",0.2732,0.242,0.606,0.152
Fox News,2018-07-29 19:04:02,".@GillianHTurner: ""[@POTUS is] almost having a little bit of a @BarackObama moment...Nobody wanted President Obama‚Ä¶ https://t.co/MBuXxJMbGu",0.0,0.0,1.0,0.0
Fox News,2018-07-29 19:06:35,"Arkansas woman shoots, kills husband over pornography, police say https://t.co/ffOCX17gFA",-0.5423,0.0,0.72,0.28
Fox News,2018-07-29 19:06:57,".@MoElleithee on U.S.-Russia relations: ""Putin is getting everything he wants out of this relationship and that is‚Ä¶ https://t.co/pIRxcjkeGC",0.0,0.0,1.0,0.0
Fox News,2018-07-29 19:15:00,"Firefighter Scott Brown sprays water on a backfire while battling the Carr Fire in Redding, Calif., on Saturday, Ju‚Ä¶ https://t.co/kRSJbX628A",-0.5423,0.0,0.791,0.209
Fox News,2018-07-29 19:20:22,RT @EricShawnTV: The showdown with Turkey over #PastorBrunson.  Can the efforts of @POTUS #DonaldTrump and @VP #MikePence free him? Watch m‚Ä¶,0.5106,0.142,0.858,0.0
Fox News,2018-07-29 19:20:34,The Color Guard from the Naval Base Ventura County holds up flags during the national anthem at the Dallas Cowboys‚Ä¶ https://t.co/GFvwUzxAr7,0.0,0.0,1.0,0.0
Fox News,2018-07-29 19:28:07,".@SenAlexander on car tariffs: ""Now that we've got a policy of where we're going, zero tariffs, it's time to get ri‚Ä¶ https://t.co/Ap1vXAiKRL",0.0,0.0,1.0,0.0
Fox News,2018-07-29 19:37:13,.@GiannoCaldwell: Chicago's gun violence is intolerable -- @realDonaldTrump should provide help https://t.co/njArRHIvp6,-0.5859,0.148,0.495,0.357
Fox News,2018-07-29 19:39:00,TONIGHT: Go inside the home of @Jeopardy TV Legend Alex Trebek with @HarveyLevinTMZ - 8p ET on Fox News Channel! https://t.co/RQ85gShnbM,0.0,0.0,1.0,0.0
Fox News,2018-07-29 19:42:10,"On ""Sunday Morning Futures,"" @VP Mike Pence talked about his plans to travel to Hawaii next week to receive the rem‚Ä¶ https://t.co/APubvxTPax",0.0,0.0,1.0,0.0
Fox News,2018-07-29 19:53:04,Philadelphia terminates ICE contract after activists storm city hall; DHS rips 'misguided' move https://t.co/1FTxPwOysX,0.0,0.0,1.0,0.0
Fox News,2018-07-29 19:53:14,"OPINION: Trump should tone down his Twitter threats, or America could face trouble around the world https://t.co/qyaK4C2SqM",-0.6705,0.0,0.732,0.268
Fox News,2018-07-29 19:53:17,".@carolmswain: ""As a professor, I believed in truth in advertising. So when students were making decisions about co‚Ä¶ https://t.co/LEp7R0yZ0z",0.3182,0.126,0.874,0.0
Fox News,2018-07-29 20:02:06,Trump fires back at 'insane' media after NY Times publisher calls rhetoric 'divisive' and 'dangerous' https://t.co/2QIZlYzhyN,0.0,0.0,1.0,0.0
Fox News,2018-07-29 20:10:53,Rudy Giuliani is questioning the authenticity of Michael Cohen's secret recording with President Trump;‚Ä¶ https://t.co/J4q4xlAzYh,-0.1027,0.0,0.909,0.091
Fox News,2018-07-29 20:16:36,"U.S. economic growth surges to 4.1% in 2nd Quarter, the fastest since 2014. https://t.co/mBVJuq2eCz",0.3818,0.167,0.833,0.0
Fox News,2018-07-29 20:18:23,"Hans von Spakovsky on Trump-Cohen tapes: ""I haven't heard anything in any of those tapes that's some kind of violat‚Ä¶ https://t.co/oxmd7ndRur",0.0,0.0,1.0,0.0
Fox News,2018-07-29 20:24:33,.@JudgeJeanine Praises @POTUS for Economic Surge: 'There Was Barely a Pulse' in @BarackObama's Economy https://t.co/lzxC0H8fG3,0.5267,0.207,0.793,0.0
Fox News,2018-07-29 20:26:14,".@Garrett_FoxNews on FISA warrant documents: ""Chairman @DevinNunes says the American people would be shocked if the‚Ä¶ https://t.co/Hd2PpVWoEx",-0.3182,0.0,0.874,0.126
Fox News,2018-07-29 20:29:13,"Report: US Therapists See Increase in Patients With 'Trump Anxiety Disorder'
https://t.co/awGbYBQ5Tr",-0.2732,0.146,0.573,0.28
Fox News,2018-07-29 20:31:10,The Trump administration is touting the strong economic growth following the release of the GDP report;‚Ä¶ https://t.co/OR6DaEiuQz,0.6369,0.273,0.648,0.079
Fox News,2018-07-29 20:35:13,"Gordon Chang on tariffs from China: ""We're seeing a trade war with China as people call it. But really what we're t‚Ä¶ https://t.co/eeWkMwyTwH",-0.3506,0.0,0.896,0.104
Fox News,2018-07-29 20:36:39,Red-tailed hawk struck by vehicle rescued in upstate New York https://t.co/GeHJ8fWPjy,0.2023,0.203,0.652,0.145
Fox News,2018-07-29 20:36:40,"On @FoxNewsSunday, @USTreasury Secretary @stevenmnuchin1 talked about his goals for sustained economic growth.‚Ä¶ https://t.co/rgN81iIdDk",0.0,0.0,1.0,0.0
Fox News,2018-07-29 20:38:32,".@charliekirk11: ""If socialist professors really believe the nonsense that they, you know, profess, why don't they‚Ä¶ https://t.co/ms7PYlscFt",-0.4522,0.0,0.844,0.156
Fox News,2018-07-29 20:38:50,"Gordon Chang on economic growth: ""I think what's really been driving GDP growth has really been the optimism. Also‚Ä¶ https://t.co/Y9MnMZz77e",0.8387,0.345,0.655,0.0
Fox News,2018-07-29 20:42:22,"Gordon Chang on economic growth: ""When you think about what the policies of [@POTUS] are is basically to pump up th‚Ä¶ https://t.co/swsIDGRQQM",0.3818,0.11,0.89,0.0
Fox News,2018-07-29 20:46:01,.@POTUS on midterms. https://t.co/98iRaVhP3w,0.0,0.0,1.0,0.0
Fox News,2018-07-29 20:54:34,President @realDonaldTrump is threatening to impose sanctions on Turkey if it doesn't release American pastor Andre‚Ä¶ https://t.co/OO6Jv2tqHP,-0.6808,0.0,0.728,0.272
Fox News,2018-07-29 21:00:49,"Parts of airport shut down after woman slips through security zone
https://t.co/Rmt9faUMHx",0.34,0.179,0.821,0.0
Fox News,2018-07-29 21:03:07,"Indonesia earthquake in popular tourist area results in multiple deaths, over 160 people injured.‚Ä¶ https://t.co/FK9tagKrAl",0.4215,0.167,0.833,0.0
Fox News,2018-07-29 21:11:18,"Bridesmaid begs JetBlue for refund after bride asks her 'to relinquish' title, 'duties' https://t.co/Cx4Mll9KAn",0.0,0.0,1.0,0.0
Fox News,2018-07-29 21:17:14,Vegan activists protest North Carolina fishing tournament https://t.co/PUAkAP4z4e,-0.25,0.0,0.778,0.222
Fox News,2018-07-29 21:17:46,Polar bear killed after attacking cruise ship employee near North Pole https://t.co/ZRyJnVfCi3,-0.8176,0.0,0.571,0.429
Fox News,2018-07-29 21:19:57,Turkey leader Erdogan warns US over sanctions threat in pastor case https://t.co/A6lot0u9MW,-0.5859,0.0,0.676,0.324
Fox News,2018-07-29 21:28:54,Sanctuary cities ruling a setback for Justice Department https://t.co/1wvlNJ8wyD,0.5267,0.327,0.673,0.0
Fox News,2018-07-29 21:31:23,"On ""Justice,"" @dbongino praised President @realDonaldTrump's handling of the economy while slamming former Presiden‚Ä¶ https://t.co/xpVPdC2DcZ",0.4939,0.186,0.814,0.0
Fox News,2018-07-29 21:41:42,Teen seriously injured after plastic bottle thrown from car explodes in her hands: report https://t.co/ewPBaajEyf,-0.5267,0.0,0.747,0.253
Fox News,2018-07-29 21:43:57,"RT @EricShawnTV: #RudyGiuliani says the #MichaelCohen tapes were ""tampered with,"" Pres. #DonaldTrump is heard saying the word ""cash,"" Cohen‚Ä¶",0.0,0.0,1.0,0.0
Fox News,2018-07-29 21:50:55,Netflix exec 'would be happy' to make 'Master of None' Season 3 'whenever Aziz is ready' https://t.co/RykQRGZBCJ,0.7351,0.307,0.693,0.0
Fox News,2018-07-29 21:51:02,"Netflix focused on building faith and family-based shows, exec says https://t.co/gi4OwGRPu9",0.6597,0.375,0.625,0.0
Fox News,2018-07-29 22:08:21,President @realDonaldTrump arrives at Morristown Airport where he will depart for Washington D.C.  https://t.co/h4i02c6d3H,0.0,0.0,1.0,0.0
Fox News,2018-07-29 22:26:51,Rudy Giuliani is questioning the authenticity of Michael Cohen's secret recording with President Trump;‚Ä¶ https://t.co/RGakWqdNRe,-0.1027,0.0,0.909,0.091
Fox News,2018-07-29 22:33:00,".@Garrett_FoxNews: ""This week House Republicans again threatened to hold Deputy Attorney General Rod Rosenstein in‚Ä¶ https://t.co/na96Ao52l5",-0.4588,0.0,0.833,0.167
Fox News,2018-07-29 22:40:33,'Big Bang Theory' boss Chuck Lorre comments on safe work environments after Les Moonves sexual harassment allegatio‚Ä¶ https://t.co/uW0aUeAYbu,-0.1531,0.129,0.714,0.156
Fox News,2018-07-29 22:46:37,Northern California fire leaves 6 dead as officials worry high winds could flame blaze https://t.co/byhvrQCTOc,-0.8625,0.0,0.534,0.466
Fox News,2018-07-29 22:55:44,Philadelphia is ending a major information-sharing contract with ICE; @BryanLlenas reports. #FoxReport‚Ä¶ https://t.co/BODSCc9dLP,0.0,0.0,1.0,0.0
Fox News,2018-07-29 22:57:38,The Trump administration is touting the strong economic growth following the release of the GDP report;‚Ä¶ https://t.co/crF84QgXO5,0.6369,0.273,0.648,0.079
Fox News,2018-07-29 23:02:39,WWE Hall of Famer who played villain Nikolai Volkoff dies at 70 https://t.co/Rb9zecSQgM,-0.296,0.141,0.647,0.212
Fox News,2018-07-29 23:12:09,".@VP touts 'dramatic' economic growth, warns reporters who breach 'decorum' at The @WhiteHouse https://t.co/BPWNq2nKGW",0.2732,0.161,0.683,0.155
Fox News,2018-07-29 23:15:00,TONIGHT: Go inside the home of @Jeopardy TV Legend Alex Trebek with @HarveyLevinTMZ - 8p ET on Fox News Channel! https://t.co/BBMGglA3rH,0.0,0.0,1.0,0.0
Fox News,2018-07-29 23:28:53,WATCH: Chris Wallace's full interview with Treasury Secretary @stevenmnuchin1 - Part 1. @FoxNewsSunday https://t.co/4qvo7T7FbF,0.2023,0.13,0.87,0.0
Fox News,2018-07-29 23:36:00,WATCH: Chris Wallace's full interview with Treasury Secretary @stevenmnuchin1 - Part 2. @FoxNewsSunday‚Ä¶ https://t.co/sunAxJ1LDn,0.2023,0.13,0.87,0.0
Fox News,2018-07-29 23:36:23,Palestinian teen jailed for hitting Israeli soldier gets hero's welcome https://t.co/jmtZrt252P,-0.0516,0.197,0.592,0.211
The New York Times,2018-07-28 23:57:45,"In House Race, 2 Female Candidates Clash on Economy and Guns https://t.co/s4SflwRV4p",0.0,0.0,1.0,0.0
The New York Times,2018-07-29 00:10:37,Muslims Describe Being Confronted at Pool: ‚ÄòWe‚Äôre Portrayed as Troublemakers‚Äô https://t.co/OeROnkByai,-0.2023,0.0,0.847,0.153
The New York Times,2018-07-29 00:18:07,"Texas Nursing Home Shooting That Left 5 Dead Was Likely Murder-Suicide, Police Say https://t.co/sfYOGHoH0p",-0.6486,0.0,0.736,0.264
The New York Times,2018-07-29 00:32:05,New Hampshire is 94% white. Business leaders and government officials want to make the state more diverse. https://t.co/eGSQbDTuPL,0.0772,0.071,0.929,0.0
The New York Times,2018-07-29 00:47:37,"RT @UpshotNYT: The 2016 election may be in the past, but this map remains a reliable indication of how people feel about President Trump to‚Ä¶",0.0,0.0,1.0,0.0
The New York Times,2018-07-29 01:06:48,This summery bundt packs a double dose of strawberry flavor https://t.co/LIGZWQVV2W https://t.co/YJVMTRwkqy,0.0,0.0,1.0,0.0
The New York Times,2018-07-29 01:24:08,"Some of them met on Instagram and most of them haven‚Äôt graduated from high school, but together, these teens are bu‚Ä¶ https://t.co/XBGQ7MUdBT",0.0,0.0,1.0,0.0
The New York Times,2018-07-29 01:41:56,"Her dead calf resting on her nose, an orca whale has swum in mourning for more than 3 days in the Pacific Northwest‚Ä¶ https://t.co/HG6eDDUIRz",-0.802,0.0,0.745,0.255
The New York Times,2018-07-29 01:56:42,Uzo Aduba on her character in ‚ÄúOrange Is the New Black‚Äù: ‚ÄúWhat I learned very early is that Suzanne is truth starin‚Ä¶ https://t.co/Xv08iF5KJM,0.3182,0.099,0.901,0.0
The New York Times,2018-07-29 02:12:03,"RT @nytimesarts: For more than two decades, Jeff Loeffelholz was an understudy at ""Chicago."" Then he killed himself. Now the production and‚Ä¶",-0.6705,0.0,0.824,0.176
The New York Times,2018-07-29 02:40:02,"RT @maggieNYT: For months, Trump's relationship to Kushner seemed tense. Trump ""could've had Tom Brady"" as a son-in-law, he told several pe‚Ä¶",-0.34,0.0,0.893,0.107
The New York Times,2018-07-29 02:49:04,"A $50 million space station in Argentina is a symbol of China‚Äôs push to mold Latin America, often in ways that unde‚Ä¶ https://t.co/MLNyquNNzn",0.0,0.0,1.0,0.0
The New York Times,2018-07-29 03:08:11,It's not your just imagination: Netflix is stockpiling original programming. Here are 9 things worth checking out. https://t.co/7UVjHkX3vV,0.4939,0.219,0.781,0.0
The New York Times,2018-07-29 03:26:49,You should never skip the opening credits. @poniewozik explains why.  https://t.co/1xUQE8QfV0,0.3612,0.2,0.8,0.0
The New York Times,2018-07-29 03:45:29,Millions of smart TVs are tracking everything you watch for the sake of advertisers. If that doesn‚Äôt sit right with‚Ä¶ https://t.co/sRIEw3AohN,0.4019,0.119,0.881,0.0
The New York Times,2018-07-29 04:02:37,"For a delicious way to eat summer tomatoes, try this garlicky tomato toast recipe https://t.co/GJpYDMEhcf https://t.co/Jf88OOH7ZU",0.5719,0.209,0.791,0.0
The New York Times,2018-07-29 04:24:00,"Cambodia Votes for a Leader, With the Result Predetermined by One https://t.co/fRoPxK1cpn",0.0,0.0,1.0,0.0
The New York Times,2018-07-29 04:25:05,"For almost 20 years, a pedestrian zone in Hong Kong has been a hub for street performers. Now the government will c‚Ä¶ https://t.co/fCXKT4tGZG",0.0,0.0,1.0,0.0
The New York Times,2018-07-29 04:41:35,"RT @nytopinion: ""The effect of Agent Orange on my children has broken my heart. One was born with a cleft palate and her jaw doesn‚Äôt line u‚Ä¶",-0.4767,0.0,0.89,0.11
The New York Times,2018-07-29 04:58:40,RT @nytimesbusiness: It's called dark money for a reason: It's hard to trace. But millions of it were spent to kill the Affordable Care Act‚Ä¶,-0.5346,0.13,0.635,0.234
The New York Times,2018-07-29 05:15:49,"""For an hour on a weekend afternoon, I didn‚Äôt think of anything except the microcosmic forest in front of me"": Insi‚Ä¶ https://t.co/vhKQZfjLuW",0.0,0.0,1.0,0.0
The New York Times,2018-07-29 05:32:41,"Is it possible to be sexual, but to not be seen as an object? In her video ‚ÄúGirlfriend,‚Äù H√©lo√Øse Letissier ‚Äî her bo‚Ä¶ https://t.co/dJqG53Md4N",0.0,0.0,1.0,0.0
The New York Times,2018-07-29 05:49:17,"RT @nytimesbooks: ""This month I‚Äôve committed to only reading books about shipwrecks where people had to eat somebody."" https://t.co/QsCO4zW‚Ä¶",0.2732,0.104,0.896,0.0
The New York Times,2018-07-29 06:09:04,Several key political parties in Pakistan are paving the way for Imran Khan to form a majority in the country's par‚Ä¶ https://t.co/zLNJ7JbMMr,0.4019,0.119,0.881,0.0
The New York Times,2018-07-29 06:26:59,"RT @matthew_ruby: ""It‚Äôs kind of like how snowboarding they coined the term frontside indy, which doesn‚Äôt exist in skateboarding, and it‚Äôs s‚Ä¶",0.2975,0.095,0.905,0.0
The New York Times,2018-07-29 06:43:09,"RT @NYTSports: Missy Franklin, once the seemingly always exuberant girl so many predicted would be the next Michael Phelps, now finds herse‚Ä¶",0.5859,0.153,0.847,0.0
The New York Times,2018-07-29 07:01:42,RT @NYTScience: Scott Pruitt's former deputy is now in charge at the EPA. He's taking a more disciplined approach to dismantling environmen‚Ä¶,0.0,0.0,1.0,0.0
The New York Times,2018-07-29 07:20:04,Many gravely ill people often perk up right before dying. Nobody knows why. https://t.co/ieQVY9xqmi,-0.6486,0.0,0.694,0.306
The New York Times,2018-07-29 07:21:07,"Bangkok Dispatch: Seeking ‚Äòa Good Afterlife,‚Äô and Not Just for Humans https://t.co/9pC6ggd2K6",0.4404,0.209,0.791,0.0
The New York Times,2018-07-29 07:38:24,"A new phishing scam has been landing in users‚Äô inboxes, showing old passwords as proof of a hack. Here‚Äôs what's goi‚Ä¶ https://t.co/VM5fWqBQEj",-0.5719,0.0,0.837,0.163
The New York Times,2018-07-29 07:54:29,"To the casual observer, it may appear that Britain is completely unprepared to deal with longs spells of scorching-‚Ä¶ https://t.co/v1blGi0NvV",0.2023,0.087,0.913,0.0
The New York Times,2018-07-29 08:10:38,"""When I get on my bike, that‚Äôs my art."" To police officers, dirt bike riding is a nuisance. But for riders, the spo‚Ä¶ https://t.co/L8Qq8HfbjP",-0.1779,0.0,0.925,0.075
The New York Times,2018-07-29 08:26:53,"RT @nytimesvows: If the wedding cake tastes like Styrofoam, you might be eating the wrong one. Because, to save some money, it might actual‚Ä¶",0.3818,0.191,0.705,0.104
The New York Times,2018-07-29 08:45:27,"If we understand why tick bites cause a sudden, strange meat allergy, we could better understand how all allergies‚Ä¶ https://t.co/lBOpQlA3go",0.2732,0.134,0.783,0.083
The New York Times,2018-07-29 09:04:25,"""We exist."" In 2016, Ibtihaj Muhammad became the first Muslim woman to represent the U.S. at the Olympics wearing a‚Ä¶ https://t.co/h2L0HT5J0i",0.0,0.0,1.0,0.0
The New York Times,2018-07-29 09:15:41,Personal Health: How to Minimize Pancreatic Cancer Risk https://t.co/iwQOdtD7nL,-0.7579,0.0,0.519,0.481
The New York Times,2018-07-29 09:34:22,"""Pixar and a lot of other studios are finally seeing that you can‚Äôt keep drawing creativity from the same well over‚Ä¶ https://t.co/XD1ctN99nJ",0.5719,0.198,0.802,0.0
The New York Times,2018-07-29 09:50:58,Michael Rapaport has long been known for speaking his mind ... and stirring controversy along the way. But now he‚Äôs‚Ä¶ https://t.co/ngy8RNpkab,0.0,0.0,1.0,0.0
The New York Times,2018-07-29 10:10:03,China built a $50 million space mission control station in Argentina. It's a striking symbol of its  push to transf‚Ä¶ https://t.co/IAtblI36as,0.0,0.0,1.0,0.0
The New York Times,2018-07-29 10:23:42,Field Notes: And Nobody Noticed It Was a Fake Cake https://t.co/ksGwVaEXT4,-0.4767,0.0,0.744,0.256
The New York Times,2018-07-29 10:40:03,"When police in India arrested 17 men accused of assaulting an 11-year-old girl, there was a wave of public fury. Th‚Ä¶ https://t.co/csbutgP2AG",-0.9062,0.0,0.58,0.42
The New York Times,2018-07-29 10:57:10,"RT @NYTStyles: Horse girls may be perceived as privileged, prissy or weird, all for their pursuit of a wholesome hobby. At Breyerfest, they‚Ä¶",0.296,0.118,0.813,0.069
The New York Times,2018-07-29 11:08:59,Twitter Made Everything a Joke https://t.co/RzPj5Ot54k,0.296,0.355,0.645,0.0
The New York Times,2018-07-29 11:25:02,"‚ÄúIt wasn‚Äôt ‚ÄòI‚Äôm racist and I want to glorify slavery,‚Äô‚Äù one Civil War re-enactor said. ‚ÄúNobody really thought a lot‚Ä¶ https://t.co/cb5sGI9I69",-0.5994,0.179,0.538,0.283
The New York Times,2018-07-29 11:41:49,How do you take your phone on vacation without it ruining your trip? https://t.co/OKwpeQeV3q,0.1877,0.118,0.882,0.0
The New York Times,2018-07-29 11:56:06,A Turkish educator in Mongolia was briefly abducted in part of an apparent campaign against allies of an exiled cle‚Ä¶ https://t.co/hAIW2PjrBU,-0.5106,0.0,0.852,0.148
The New York Times,2018-07-29 12:09:53,"Ahed Tamimi, Palestinian Teenager Who Slapped Israeli Soldier, Is Released From Jail https://t.co/o7dbNqSpRh",0.0,0.0,1.0,0.0
The New York Times,2018-07-29 12:25:05,The Trump tax cuts were supposed to mobilize Republican voters and help the party keep the House. But that's not ho‚Ä¶ https://t.co/orKrgFDFyw,0.2732,0.152,0.782,0.066
The New York Times,2018-07-29 12:51:51,"Playlist: The Playlist: Blood Orange‚Äôs Fragile Pop, and 11 More New Songs https://t.co/lRctJ69SZk",0.0,0.0,1.0,0.0
The New York Times,2018-07-29 12:54:16,Bush Claimed Power to Override a Torture Ban. What Did Brett Kavanaugh Think About That? https://t.co/DRxTbZslMb,-0.8176,0.0,0.634,0.366
The New York Times,2018-07-29 12:55:01,"After 18 months of bruising White House conflicts and bitter criticism, Jared Kushner and Ivanka Trump as comfortab‚Ä¶ https://t.co/iWw0brStrR",-0.8074,0.0,0.658,0.342
The New York Times,2018-07-29 13:12:06,How to rekindle a friendship that has faded ‚Äî and what to do if things don't go as you hoped https://t.co/IgsEpGPmYL,0.6705,0.244,0.756,0.0
The New York Times,2018-07-29 13:29:57,"Some argue that comedy is broken. But Mike Birbiglia, Kate Berlant, Maria Bamford, Sacha Baron Cohen and Hannah Gad‚Ä¶ https://t.co/4qufrZcz7H",-0.25,0.078,0.756,0.167
The New York Times,2018-07-29 13:55:06,"RT @nytimesbusiness: An undeveloped, 157-acre hilltop plot of land is about to go on sale in Los Angeles. The asking price: $1 billion. htt‚Ä¶",0.0,0.0,1.0,0.0
The New York Times,2018-07-29 14:10:03,"Summer thrillers, a parody of smutty novels, a dark family memoir: Here are 10 new books we recommend this week https://t.co/BBboCB4D3F",0.3818,0.175,0.825,0.0
The New York Times,2018-07-29 14:20:06,A 60-year-old man fatally shot his father and stepmother in a nursing home in Texas https://t.co/8r0CatQ3E1,-0.6369,0.0,0.756,0.244
The New York Times,2018-07-29 14:30:09,"These islands in the South Pacific are disappearing, but their inhabitants are doing everything they can to stay https://t.co/DAPrXjDrOt",0.0,0.0,1.0,0.0
The New York Times,2018-07-29 14:40:05,"The comedy-destroying, soul-affirming art of Hannah Gadsby https://t.co/YIc9W6GXex https://t.co/T2fOvaHR5J",0.0,0.0,1.0,0.0
The New York Times,2018-07-29 14:50:06,"As millions of Venezuelans wage a daily fight for survival at home, others have found a safe haven for their money‚Ä¶ https://t.co/dlKgR40AQQ",0.0772,0.123,0.766,0.111
The New York Times,2018-07-29 15:00:10,"When it gets cold in Bangkok, pet owners dress their dogs in sweatshirts or, if they have the money, Burberry rainc‚Ä¶ https://t.co/hybxIR6iej",0.0,0.0,1.0,0.0
The New York Times,2018-07-29 15:13:32,"RT @NYTimesPR: Statement of A.G. Sulzberger, Publisher, The New York Times, in response to President Trump‚Äôs tweet about their meeting http‚Ä¶",0.0,0.0,1.0,0.0
The New York Times,2018-07-29 15:15:03,"For more than 2 decades, Jeff Loeffelholz was an understudy in ""Chicago."" Then he killed himself. Now the productio‚Ä¶ https://t.co/eC3e2WKliD",-0.6705,0.0,0.8,0.2
The New York Times,2018-07-29 15:30:11,"‚ÄúSo many people think they know me,‚Äù says Cynthia Nixon, the actress-turned-candidate for governor of New York, in‚Ä¶ https://t.co/RUoaVUpx58",0.0,0.0,1.0,0.0
The New York Times,2018-07-29 15:45:08,The Trump pick to lead the EPA's Superfund toxic waste program was Dow Chemical's lawyer during its own disputed di‚Ä¶ https://t.co/xjIS08Okg1,-0.6369,0.0,0.785,0.215
The New York Times,2018-07-29 16:00:10,Pressed at his 2006 hearing to express an opinion about whether the president could legally override the torture ba‚Ä¶ https://t.co/7satPHbAvW,-0.5423,0.06,0.773,0.167
The New York Times,2018-07-29 16:15:07,"For some, a proposed cap on services like Uber is a civil rights issue. ‚ÄúRace-based refusal is a serious issue amon‚Ä¶ https://t.co/S6kLiZjIFY",0.296,0.12,0.817,0.062
The New York Times,2018-07-29 16:30:14,"‚ÄúSeventeen years after 9/11, we still haven‚Äôt figured this out.‚Äù https://t.co/HImjaWhMHv",0.0,0.0,1.0,0.0
The New York Times,2018-07-29 16:57:29,"Muslim children were repeatedly warned about their clothing at a Delaware pool, leading to a mayoral apology and a‚Ä¶ https://t.co/Tiv8eKlsGu",-0.2263,0.062,0.829,0.109
The New York Times,2018-07-29 17:00:11,A Palestinian teenager jailed in Israel for kicking and slapping an Israeli soldier was released to a hero‚Äôs welcom‚Ä¶ https://t.co/xPygRilTaF,-0.4939,0.0,0.842,0.158
The New York Times,2018-07-29 17:15:06,"Paul Manafort, the lobbyist who helped run President Trump‚Äôs 2016 campaign, is scheduled to go to trial on financia‚Ä¶ https://t.co/DFZgJ4J0Ev",0.0,0.0,1.0,0.0
The New York Times,2018-07-29 17:30:09,House Democrats are on the verge of both a messy struggle for control of their caucus and an election that could we‚Ä¶ https://t.co/hlp8ipZClf,-0.5859,0.0,0.806,0.194
The New York Times,2018-07-29 17:45:02,The widespread flooding caused by a dam accident in Laos highlights the government's priorities: foreign investment‚Ä¶ https://t.co/ZzcTkyuvMM,-0.4767,0.0,0.829,0.171
The New York Times,2018-07-29 18:00:05,"Jay-Z, an executive producer of ‚ÄúRest in Power: The Trayvon Martin Story,"" discussed the series and how his views o‚Ä¶ https://t.co/gZNk7gAzx6",0.0,0.0,1.0,0.0
The New York Times,2018-07-29 18:15:04,A woman said that responders told her she could not afford the $600 ambulance ride to take her daughter to the hosp‚Ä¶ https://t.co/XZ3NE0sQJ3,0.0,0.0,1.0,0.0
The New York Times,2018-07-29 18:30:09,A.G. Sulzberger said he had accepted President Trump‚Äôs invitation for a meeting mainly to raise his concerns about‚Ä¶ https://t.co/QEPTyCtJ06,0.2732,0.11,0.89,0.0
The New York Times,2018-07-29 18:45:05,Harvard says it does not discriminate. But its policies are being challenged by Asian-Americans who say they‚Äôve bee‚Ä¶ https://t.co/pjt2vI8qJT,-0.1531,0.0,0.918,0.082
The New York Times,2018-07-29 19:00:04,Zimbabweans prepare to vote in the first elections in their country since Robert Mugabe was ousted after 37 years i‚Ä¶ https://t.co/VQqvqvXBE4,0.0,0.0,1.0,0.0
The New York Times,2018-07-29 19:15:06,"Amid widespread protests over a power crisis, Iraq‚Äôs prime minister has ordered the suspension of the country‚Äôs ele‚Ä¶ https://t.co/ESI7Bx9EAl",-0.7184,0.0,0.727,0.273
The New York Times,2018-07-29 19:30:08,"In Opinion 

Editorial board member Brent Staples writes, ""This betrayal of trust opened a rift between black and w‚Ä¶ https://t.co/hfeT7NGIgR",-0.296,0.133,0.685,0.181
The New York Times,2018-07-29 19:36:43,RT @MarkLandler: Times publisher A.G. Sulzberger told Trump in Oval Office meeting that newspapers were hiring  armed guards because of thr‚Ä¶,0.0,0.0,1.0,0.0
The New York Times,2018-07-29 19:45:07,Want to feel old? Tom Cruise has played Ethan Hunt in the ‚ÄúMission: Impossible‚Äù movie series for 22 years. https://t.co/D5YmYPRwS6,0.4019,0.171,0.829,0.0
The New York Times,2018-07-29 19:54:09,@MikeIsaac  https://t.co/7vUC6VzNos,0.0,0.0,1.0,0.0
The New York Times,2018-07-29 20:00:13,"Here are the week‚Äôs top stories, and a look ahead https://t.co/SNuieLVfpi",0.2023,0.167,0.833,0.0
The New York Times,2018-07-29 20:15:05,Living in a lighthouse was a childhood dream for Margaret Winski. Now she plans to write a book about her time livi‚Ä¶ https://t.co/0S72JcFwDr,0.25,0.095,0.905,0.0
The New York Times,2018-07-29 20:30:07,Here are some ideas for what to cook this week https://t.co/64LkFJXrAH,0.0,0.0,1.0,0.0
The New York Times,2018-07-29 20:45:08,"In Opinion

Contributing opinion writer Sandeep Jauhar writes, ""No one wants to die prematurely, but when it‚Äôs thei‚Ä¶ https://t.co/2k9K3OePtJ",-0.4678,0.0,0.808,0.192
The New York Times,2018-07-29 21:00:07,"‚ÄúWe completely regret what happened,‚Äù a spokesman for the cruise company said, adding the bear was killed in self-d‚Ä¶ https://t.co/EeUlQTw6zJ",-0.8221,0.0,0.691,0.309
The New York Times,2018-07-29 21:10:26,Sulzberger recalled telling Trump that newspapers had begun posting armed guards outside their offices because of a‚Ä¶ https://t.co/P3nNTZ4AT5,0.0,0.0,1.0,0.0
The New York Times,2018-07-29 21:15:04,"Can you remove a color from an entire city? The artist Michael Rakowitz is trying to do so, as a tribute to Tamir R‚Ä¶ https://t.co/15kjmlf3s0",0.0,0.0,1.0,0.0
The New York Times,2018-07-29 21:30:07,Imran Khan brings more star power and mystique than any recent Pakistani leader and perhaps a better chance to chan‚Ä¶ https://t.co/nlZJZpP7m9,0.5994,0.214,0.786,0.0
The New York Times,2018-07-29 21:45:09,"With their eyes on blockchain jobs and revenue, small countries and territories are competing to become the go-to d‚Ä¶ https://t.co/0aym75WwUG",0.0,0.0,1.0,0.0
The New York Times,2018-07-29 21:52:35,"Future of MoviePass Is Cast in Doubt After Service Outage, Experts Say https://t.co/QsM1nTT3Pp",-0.3612,0.0,0.828,0.172
The New York Times,2018-07-29 22:00:09,"MoviePass, the subscription-based movie ticket service, was forced last week to borrow $5 million after it reported‚Ä¶ https://t.co/kilPTotnOl",-0.4588,0.0,0.85,0.15
The New York Times,2018-07-29 22:16:42,Sulzberger recalled telling Trump that newspapers had begun posting armed guards outside their offices because of a‚Ä¶ https://t.co/Tst5bdEx7p,0.0,0.0,1.0,0.0
The New York Times,2018-07-29 22:21:33,The Enthusiast: In Praise of Elizabeth Hardwick https://t.co/npSEdh5Qzt,0.7269,0.504,0.496,0.0
The New York Times,2018-07-29 22:39:39,"Billy Joel recently celebrated his 100th show at Madison Square Garden. ‚ÄúI keep getting asked, ‚ÄòWhat‚Äôs the secret o‚Ä¶ https://t.co/OQgP8J0HeB",0.5719,0.163,0.837,0.0
The New York Times,2018-07-29 22:58:06,A renowned musician hated the music played at one of his favorite restaurants. So he convinced the chef to let him‚Ä¶ https://t.co/39uQCEHMti,0.4902,0.283,0.575,0.142
The New York Times,2018-07-29 23:12:58,This stacked shortcake gives a classic summer dessert the large-format treatment it deserves https://t.co/QIL1IKIOPi https://t.co/1oAxYlICPR,0.0,0.0,1.0,0.0
The New York Times,2018-07-29 23:21:15,"With Imran Khan as New Leader, Pakistan Could Reshape Its Image https://t.co/LVhqL4IKO5",0.0,0.0,1.0,0.0
The New York Times,2018-07-29 23:24:20,Biographical Documentaries Are Big This Summer. Here Are Five More to Stream. https://t.co/rENlD2auoL,0.0,0.0,1.0,0.0
